date,QV2M
2000-01-01,9.65
2000-01-02,10.42
2000-01-03,11.76
2000-01-04,6.42
2000-01-05,2.95
2000-01-06,3.49
2000-01-07,3.93
2000-01-08,5.71
2000-01-09,11.18
2000-01-10,7.77
2000-01-11,6.63
2000-01-12,8.39
2000-01-13,7.23
2000-01-14,2.82
2000-01-15,3.37
2000-01-16,6.52
2000-01-17,8.99
2000-01-18,9.53
2000-01-19,6.33
2000-01-20,3.91
2000-01-21,2.1
2000-01-22,4.44
2000-01-23,7.33
2000-01-24,3.38
2000-01-25,2.05
2000-01-26,1.73
2000-01-27,2.39
2000-01-28,3.52
2000-01-29,4.56
2000-01-30,3.88
2000-01-31,2.81
2000-02-01,3.36
2000-02-02,2.92
2000-02-03,3.69
2000-02-04,3.64
2000-02-05,2.76
2000-02-06,2.82
2000-02-07,3.98
2000-02-08,5.01
2000-02-09,4.89
2000-02-10,6.22
2000-02-11,9.82
2000-02-12,9.86
2000-02-13,11.42
2000-02-14,8.56
2000-02-15,5.84
2000-02-16,9.23
2000-02-17,9.38
2000-02-18,11.71
2000-02-19,6.52
2000-02-20,3.86
2000-02-21,3.98
2000-02-22,5.03
2000-02-23,6.92
2000-02-24,8.57
2000-02-25,8.92
2000-02-26,9.73
2000-02-27,7.55
2000-02-28,5.19
2000-02-29,6.52
2000-03-01,9.57
2000-03-02,5.97
2000-03-03,8.68
2000-03-04,6.6
2000-03-05,5.71
2000-03-06,5.65
2000-03-07,7.48
2000-03-08,8.54
2000-03-09,11.75
2000-03-10,13.04
2000-03-11,9.07
2000-03-12,3.38
2000-03-13,3.71
2000-03-14,5.34
2000-03-15,8.32
2000-03-16,11.32
2000-03-17,7.31
2000-03-18,6.76
2000-03-19,9.05
2000-03-20,6.32
2000-03-21,6.89
2000-03-22,8.2
2000-03-23,8.26
2000-03-24,8.89
2000-03-25,11.08
2000-03-26,10.45
2000-03-27,8.91
2000-03-28,7.46
2000-03-29,8.12
2000-03-30,11.9
2000-03-31,8.85
2000-04-01,10.74
2000-04-02,13.72
2000-04-03,13.35
2000-04-04,5.52
2000-04-05,5.1
2000-04-06,8.06
2000-04-07,9.76
2000-04-08,5.8
2000-04-09,4.16
2000-04-10,5.93
2000-04-11,9.52
2000-04-12,11.05
2000-04-13,10.56
2000-04-14,8.67
2000-04-15,9.34
2000-04-16,10.5
2000-04-17,9.51
2000-04-18,7.93
2000-04-19,8.41
2000-04-20,11.16
2000-04-21,7.87
2000-04-22,6.04
2000-04-23,7.85
2000-04-24,10.24
2000-04-25,7.66
2000-04-26,6.98
2000-04-27,7.62
2000-04-28,8.41
2000-04-29,7.75
2000-04-30,7.65
2000-05-01,8.69
2000-05-02,11.93
2000-05-03,11.34
2000-05-04,11.23
2000-05-05,12.0
2000-05-06,10.66
2000-05-07,11.31
2000-05-08,10.24
2000-05-09,10.61
2000-05-10,13.42
2000-05-11,13.19
2000-05-12,12.99
2000-05-13,13.61
2000-05-14,7.14
2000-05-15,5.8
2000-05-16,7.91
2000-05-17,10.31
2000-05-18,11.24
2000-05-19,12.45
2000-05-20,13.83
2000-05-21,14.0
2000-05-22,11.37
2000-05-23,11.7
2000-05-24,13.21
2000-05-25,15.47
2000-05-26,15.7
2000-05-27,15.38
2000-05-28,14.4
2000-05-29,9.6
2000-05-30,9.8
2000-05-31,8.56
2000-06-01,9.39
2000-06-02,10.34
2000-06-03,11.71
2000-06-04,13.76
2000-06-05,14.72
2000-06-06,9.17
2000-06-07,7.82
2000-06-08,8.9
2000-06-09,10.38
2000-06-10,10.71
2000-06-11,10.35
2000-06-12,11.19
2000-06-13,13.52
2000-06-14,13.79
2000-06-15,15.22
2000-06-16,16.34
2000-06-17,15.77
2000-06-18,14.94
2000-06-19,16.33
2000-06-20,15.12
2000-06-21,15.15
2000-06-22,15.76
2000-06-23,10.97
2000-06-24,12.16
2000-06-25,14.98
2000-06-26,14.03
2000-06-27,14.16
2000-06-28,16.12
2000-06-29,15.35
2000-06-30,9.71
2000-07-01,9.63
2000-07-02,9.17
2000-07-03,12.92
2000-07-04,12.93
2000-07-05,12.32
2000-07-06,11.35
2000-07-07,13.28
2000-07-08,13.82
2000-07-09,14.88
2000-07-10,15.92
2000-07-11,15.87
2000-07-12,14.66
2000-07-13,15.26
2000-07-14,13.23
2000-07-15,12.11
2000-07-16,11.78
2000-07-17,8.59
2000-07-18,10.51
2000-07-19,14.26
2000-07-20,14.68
2000-07-21,12.81
2000-07-22,11.3
2000-07-23,11.47
2000-07-24,11.9
2000-07-25,12.23
2000-07-26,13.45
2000-07-27,13.53
2000-07-28,12.05
2000-07-29,13.56
2000-07-30,15.53
2000-07-31,16.93
2000-08-01,15.89
2000-08-02,16.16
2000-08-03,15.65
2000-08-04,14.54
2000-08-05,13.07
2000-08-06,13.6
2000-08-07,14.9
2000-08-08,16.67
2000-08-09,16.56
2000-08-10,17.12
2000-08-11,13.64
2000-08-12,10.09
2000-08-13,8.54
2000-08-14,8.49
2000-08-15,9.74
2000-08-16,10.87
2000-08-17,12.06
2000-08-18,12.22
2000-08-19,13.0
2000-08-20,9.85
2000-08-21,13.56
2000-08-22,11.62
2000-08-23,11.58
2000-08-24,12.67
2000-08-25,12.24
2000-08-26,10.53
2000-08-27,13.92
2000-08-28,14.0
2000-08-29,13.64
2000-08-30,12.04
2000-08-31,13.08
2000-09-01,16.31
2000-09-02,15.43
2000-09-03,14.62
2000-09-04,14.33
2000-09-05,13.92
2000-09-06,11.93
2000-09-07,12.74
2000-09-08,15.01
2000-09-09,14.04
2000-09-10,12.89
2000-09-11,12.08
2000-09-12,14.01
2000-09-13,15.85
2000-09-14,12.6
2000-09-15,7.89
2000-09-16,5.45
2000-09-17,6.03
2000-09-18,5.7
2000-09-19,8.08
2000-09-20,15.04
2000-09-21,17.16
2000-09-22,16.29
2000-09-23,16.29
2000-09-24,16.24
2000-09-25,13.58
2000-09-26,5.6
2000-09-27,6.02
2000-09-28,6.06
2000-09-29,6.39
2000-09-30,9.51
2000-10-01,9.5
2000-10-02,8.8
2000-10-03,8.86
2000-10-04,7.97
2000-10-05,8.45
2000-10-06,13.4
2000-10-07,4.16
2000-10-08,2.4
2000-10-09,3.09
2000-10-10,3.54
2000-10-11,3.61
2000-10-12,4.14
2000-10-13,4.78
2000-10-14,4.46
2000-10-15,5.14
2000-10-16,7.46
2000-10-17,8.85
2000-10-18,8.93
2000-10-19,8.56
2000-10-20,9.62
2000-10-21,9.53
2000-10-22,8.98
2000-10-23,8.54
2000-10-24,8.1
2000-10-25,8.91
2000-10-26,8.17
2000-10-27,8.33
2000-10-28,8.51
2000-10-29,8.42
2000-10-30,8.45
2000-10-31,8.67
2000-11-01,8.64
2000-11-02,9.56
2000-11-03,10.17
2000-11-04,10.27
2000-11-05,10.3
2000-11-06,12.19
2000-11-07,15.36
2000-11-08,15.04
2000-11-09,11.35
2000-11-10,5.1
2000-11-11,4.72
2000-11-12,5.55
2000-11-13,7.09
2000-11-14,3.77
2000-11-15,3.75
2000-11-16,6.08
2000-11-17,5.37
2000-11-18,3.83
2000-11-19,4.34
2000-11-20,4.0
2000-11-21,2.44
2000-11-22,3.28
2000-11-23,4.4
2000-11-24,6.76
2000-11-25,7.71
2000-11-26,5.94
2000-11-27,5.1
2000-11-28,5.66
2000-11-29,6.61
2000-11-30,3.77
2000-12-01,3.97
2000-12-02,5.65
2000-12-03,3.31
2000-12-04,3.16
2000-12-05,3.67
2000-12-06,3.81
2000-12-07,4.18
2000-12-08,6.07
2000-12-09,6.61
2000-12-10,7.04
2000-12-11,8.01
2000-12-12,2.93
2000-12-13,5.39
2000-12-14,5.9
2000-12-15,5.66
2000-12-16,10.34
2000-12-17,1.89
2000-12-18,2.88
2000-12-19,2.1
2000-12-20,1.83
2000-12-21,3.07
2000-12-22,2.06
2000-12-23,2.42
2000-12-24,3.39
2000-12-25,3.1
2000-12-26,3.1
2000-12-27,4.43
2000-12-28,4.44
2000-12-29,2.86
2000-12-30,1.69
2000-12-31,2.36
2001-01-01,2.5
2001-01-02,2.21
2001-01-03,2.22
2001-01-04,2.92
2001-01-05,4.13
2001-01-06,3.7
2001-01-07,6.06
2001-01-08,4.03
2001-01-09,2.43
2001-01-10,2.43
2001-01-11,4.11
2001-01-12,4.63
2001-01-13,4.84
2001-01-14,6.33
2001-01-15,7.05
2001-01-16,5.32
2001-01-17,6.6
2001-01-18,9.67
2001-01-19,8.18
2001-01-20,2.9
2001-01-21,2.69
2001-01-22,2.88
2001-01-23,3.41
2001-01-24,4.2
2001-01-25,3.15
2001-01-26,4.02
2001-01-27,5.4
2001-01-28,5.49
2001-01-29,8.47
2001-01-30,6.9
2001-01-31,6.23
2001-02-01,4.28
2001-02-02,3.79
2001-02-03,2.87
2001-02-04,3.75
2001-02-05,4.3
2001-02-06,4.84
2001-02-07,6.4
2001-02-08,7.6
2001-02-09,9.74
2001-02-10,4.75
2001-02-11,4.86
2001-02-12,6.95
2001-02-13,8.43
2001-02-14,10.72
2001-02-15,12.31
2001-02-16,12.16
2001-02-17,3.43
2001-02-18,3.27
2001-02-19,5.25
2001-02-20,9.08
2001-02-21,10.48
2001-02-22,9.39
2001-02-23,5.84
2001-02-24,10.11
2001-02-25,11.78
2001-02-26,6.73
2001-02-27,8.63
2001-02-28,8.6
2001-03-01,7.72
2001-03-02,11.42
2001-03-03,13.49
2001-03-04,7.68
2001-03-05,4.24
2001-03-06,3.52
2001-03-07,3.97
2001-03-08,6.14
2001-03-09,5.63
2001-03-10,4.28
2001-03-11,6.45
2001-03-12,9.53
2001-03-13,8.16
2001-03-14,7.56
2001-03-15,8.16
2001-03-16,7.17
2001-03-17,5.13
2001-03-18,5.06
2001-03-19,5.71
2001-03-20,4.35
2001-03-21,5.5
2001-03-22,6.53
2001-03-23,6.58
2001-03-24,8.87
2001-03-25,4.37
2001-03-26,3.59
2001-03-27,3.66
2001-03-28,4.83
2001-03-29,6.8
2001-03-30,8.18
2001-03-31,7.61
2001-04-01,5.36
2001-04-02,6.73
2001-04-03,12.3
2001-04-04,13.97
2001-04-05,12.67
2001-04-06,12.29
2001-04-07,12.32
2001-04-08,12.82
2001-04-09,13.78
2001-04-10,14.93
2001-04-11,12.59
2001-04-12,14.46
2001-04-13,14.81
2001-04-14,10.42
2001-04-15,13.84
2001-04-16,8.47
2001-04-17,4.83
2001-04-18,4.39
2001-04-19,5.7
2001-04-20,8.24
2001-04-21,10.36
2001-04-22,11.21
2001-04-23,11.57
2001-04-24,10.75
2001-04-25,6.92
2001-04-26,6.34
2001-04-27,7.06
2001-04-28,9.48
2001-04-29,11.33
2001-04-30,11.48
2001-05-01,10.44
2001-05-02,10.18
2001-05-03,10.57
2001-05-04,10.67
2001-05-05,10.91
2001-05-06,11.73
2001-05-07,12.06
2001-05-08,11.9
2001-05-09,12.2
2001-05-10,12.44
2001-05-11,12.27
2001-05-12,13.03
2001-05-13,9.99
2001-05-14,9.04
2001-05-15,11.08
2001-05-16,12.89
2001-05-17,12.55
2001-05-18,12.8
2001-05-19,15.94
2001-05-20,15.81
2001-05-21,15.58
2001-05-22,10.75
2001-05-23,8.71
2001-05-24,11.44
2001-05-25,9.7
2001-05-26,10.06
2001-05-27,13.69
2001-05-28,15.19
2001-05-29,13.11
2001-05-30,11.69
2001-05-31,15.07
2001-06-01,15.11
2001-06-02,11.68
2001-06-03,15.67
2001-06-04,16.25
2001-06-05,16.61
2001-06-06,15.99
2001-06-07,16.6
2001-06-08,16.55
2001-06-09,15.69
2001-06-10,14.75
2001-06-11,15.88
2001-06-12,15.64
2001-06-13,16.64
2001-06-14,17.44
2001-06-15,17.03
2001-06-16,13.51
2001-06-17,12.37
2001-06-18,13.36
2001-06-19,14.62
2001-06-20,14.1
2001-06-21,15.29
2001-06-22,15.6
2001-06-23,11.24
2001-06-24,11.38
2001-06-25,11.38
2001-06-26,12.97
2001-06-27,13.64
2001-06-28,15.98
2001-06-29,16.22
2001-06-30,16.13
2001-07-01,15.73
2001-07-02,16.6
2001-07-03,16.54
2001-07-04,17.51
2001-07-05,16.65
2001-07-06,15.53
2001-07-07,14.93
2001-07-08,15.54
2001-07-09,16.91
2001-07-10,16.95
2001-07-11,17.71
2001-07-12,16.69
2001-07-13,13.45
2001-07-14,13.15
2001-07-15,13.02
2001-07-16,12.62
2001-07-17,12.71
2001-07-18,12.39
2001-07-19,14.02
2001-07-20,16.91
2001-07-21,16.23
2001-07-22,13.49
2001-07-23,12.39
2001-07-24,14.25
2001-07-25,17.1
2001-07-26,16.4
2001-07-27,16.26
2001-07-28,17.4
2001-07-29,17.85
2001-07-30,18.41
2001-07-31,17.57
2001-08-01,14.36
2001-08-02,12.87
2001-08-03,12.55
2001-08-04,15.31
2001-08-05,15.28
2001-08-06,17.61
2001-08-07,18.36
2001-08-08,18.21
2001-08-09,17.92
2001-08-10,18.25
2001-08-11,17.56
2001-08-12,17.89
2001-08-13,17.67
2001-08-14,15.53
2001-08-15,12.48
2001-08-16,14.21
2001-08-17,17.43
2001-08-18,17.32
2001-08-19,17.3
2001-08-20,14.09
2001-08-21,11.23
2001-08-22,10.7
2001-08-23,13.26
2001-08-24,14.84
2001-08-25,14.64
2001-08-26,14.35
2001-08-27,15.53
2001-08-28,15.84
2001-08-29,15.88
2001-08-30,15.74
2001-08-31,16.51
2001-09-01,16.73
2001-09-02,16.85
2001-09-03,16.85
2001-09-04,17.01
2001-09-05,17.04
2001-09-06,17.06
2001-09-07,16.97
2001-09-08,16.64
2001-09-09,16.08
2001-09-10,16.42
2001-09-11,15.84
2001-09-12,15.53
2001-09-13,12.2
2001-09-14,11.91
2001-09-15,11.25
2001-09-16,8.43
2001-09-17,9.37
2001-09-18,13.3
2001-09-19,14.69
2001-09-20,13.1
2001-09-21,10.29
2001-09-22,11.62
2001-09-23,13.82
2001-09-24,12.82
2001-09-25,6.21
2001-09-26,5.64
2001-09-27,6.24
2001-09-28,7.12
2001-09-29,7.07
2001-09-30,6.9
2001-10-01,6.73
2001-10-02,6.81
2001-10-03,6.94
2001-10-04,8.9
2001-10-05,13.13
2001-10-06,8.8
2001-10-07,5.06
2001-10-08,5.33
2001-10-09,7.03
2001-10-10,8.87
2001-10-11,12.28
2001-10-12,14.54
2001-10-13,15.38
2001-10-14,11.08
2001-10-15,7.48
2001-10-16,5.56
2001-10-17,4.37
2001-10-18,4.88
2001-10-19,7.15
2001-10-20,8.11
2001-10-21,9.23
2001-10-22,8.6
2001-10-23,10.36
2001-10-24,14.29
2001-10-25,6.63
2001-10-26,4.39
2001-10-27,3.39
2001-10-28,3.42
2001-10-29,3.45
2001-10-30,3.86
2001-10-31,5.22
2001-11-01,9.29
2001-11-02,9.28
2001-11-03,9.56
2001-11-04,6.72
2001-11-05,5.8
2001-11-06,5.43
2001-11-07,5.97
2001-11-08,6.98
2001-11-09,6.55
2001-11-10,5.14
2001-11-11,6.82
2001-11-12,5.58
2001-11-13,4.95
2001-11-14,6.27
2001-11-15,5.58
2001-11-16,4.99
2001-11-17,5.28
2001-11-18,6.13
2001-11-19,6.35
2001-11-20,4.78
2001-11-21,3.3
2001-11-22,4.16
2001-11-23,10.2
2001-11-24,13.97
2001-11-25,7.64
2001-11-26,10.56
2001-11-27,12.41
2001-11-28,11.76
2001-11-29,11.76
2001-11-30,6.7
2001-12-01,5.97
2001-12-02,6.55
2001-12-03,6.59
2001-12-04,6.36
2001-12-05,8.23
2001-12-06,8.95
2001-12-07,9.46
2001-12-08,9.92
2001-12-09,6.89
2001-12-10,7.94
2001-12-11,7.23
2001-12-12,9.55
2001-12-13,12.48
2001-12-14,8.89
2001-12-15,6.73
2001-12-16,8.26
2001-12-17,11.08
2001-12-18,6.06
2001-12-19,5.72
2001-12-20,3.53
2001-12-21,3.52
2001-12-22,4.88
2001-12-23,6.86
2001-12-24,3.22
2001-12-25,2.94
2001-12-26,2.51
2001-12-27,3.08
2001-12-28,4.99
2001-12-29,5.32
2001-12-30,2.48
2001-12-31,2.63
2002-01-01,2.49
2002-01-02,3.53
2002-01-03,2.85
2002-01-04,2.46
2002-01-05,3.64
2002-01-06,4.76
2002-01-07,3.71
2002-01-08,3.01
2002-01-09,5.05
2002-01-10,7.71
2002-01-11,7.26
2002-01-12,5.16
2002-01-13,4.52
2002-01-14,6.46
2002-01-15,4.25
2002-01-16,3.67
2002-01-17,5.96
2002-01-18,6.75
2002-01-19,8.34
2002-01-20,4.53
2002-01-21,5.92
2002-01-22,5.97
2002-01-23,11.04
2002-01-24,11.66
2002-01-25,5.46
2002-01-26,5.97
2002-01-27,7.21
2002-01-28,9.32
2002-01-29,10.91
2002-01-30,11.0
2002-01-31,11.91
2002-02-01,6.89
2002-02-02,3.86
2002-02-03,4.48
2002-02-04,3.72
2002-02-05,3.26
2002-02-06,4.25
2002-02-07,4.08
2002-02-08,4.27
2002-02-09,6.01
2002-02-10,6.84
2002-02-11,4.18
2002-02-12,4.02
2002-02-13,4.62
2002-02-14,3.6
2002-02-15,4.89
2002-02-16,5.13
2002-02-17,4.44
2002-02-18,4.44
2002-02-19,6.51
2002-02-20,9.04
2002-02-21,6.63
2002-02-22,4.73
2002-02-23,3.85
2002-02-24,4.84
2002-02-25,6.65
2002-02-26,4.74
2002-02-27,1.63
2002-02-28,2.1
2002-03-01,3.71
2002-03-02,8.89
2002-03-03,3.02
2002-03-04,1.78
2002-03-05,2.96
2002-03-06,4.07
2002-03-07,6.56
2002-03-08,8.21
2002-03-09,9.15
2002-03-10,3.13
2002-03-11,5.39
2002-03-12,9.74
2002-03-13,7.74
2002-03-14,8.43
2002-03-15,11.58
2002-03-16,13.67
2002-03-17,13.61
2002-03-18,12.37
2002-03-19,11.76
2002-03-20,12.32
2002-03-21,7.54
2002-03-22,2.59
2002-03-23,3.74
2002-03-24,6.18
2002-03-25,10.62
2002-03-26,9.8
2002-03-27,5.07
2002-03-28,6.05
2002-03-29,11.02
2002-03-30,13.36
2002-03-31,11.6
2002-04-01,7.29
2002-04-02,9.61
2002-04-03,9.53
2002-04-04,4.96
2002-04-05,4.77
2002-04-06,5.15
2002-04-07,7.8
2002-04-08,10.81
2002-04-09,11.95
2002-04-10,11.87
2002-04-11,12.44
2002-04-12,12.44
2002-04-13,12.32
2002-04-14,12.86
2002-04-15,12.73
2002-04-16,13.1
2002-04-17,12.11
2002-04-18,12.91
2002-04-19,13.87
2002-04-20,14.25
2002-04-21,13.67
2002-04-22,10.36
2002-04-23,7.99
2002-04-24,11.12
2002-04-25,8.99
2002-04-26,8.06
2002-04-27,11.72
2002-04-28,15.11
2002-04-29,11.78
2002-04-30,14.81
2002-05-01,14.53
2002-05-02,15.68
2002-05-03,15.57
2002-05-04,15.6
2002-05-05,11.86
2002-05-06,13.27
2002-05-07,14.79
2002-05-08,14.25
2002-05-09,14.27
2002-05-10,13.92
2002-05-11,14.32
2002-05-12,14.78
2002-05-13,12.53
2002-05-14,6.85
2002-05-15,6.81
2002-05-16,10.01
2002-05-17,15.32
2002-05-18,9.09
2002-05-19,5.48
2002-05-20,6.05
2002-05-21,5.85
2002-05-22,6.07
2002-05-23,5.84
2002-05-24,8.88
2002-05-25,10.79
2002-05-26,11.12
2002-05-27,11.47
2002-05-28,11.36
2002-05-29,12.96
2002-05-30,13.88
2002-05-31,12.65
2002-06-01,13.11
2002-06-02,13.43
2002-06-03,13.31
2002-06-04,15.71
2002-06-05,15.86
2002-06-06,14.6
2002-06-07,14.26
2002-06-08,14.35
2002-06-09,12.52
2002-06-10,11.11
2002-06-11,10.59
2002-06-12,10.19
2002-06-13,13.15
2002-06-14,15.11
2002-06-15,9.9
2002-06-16,9.83
2002-06-17,10.3
2002-06-18,12.32
2002-06-19,13.98
2002-06-20,11.73
2002-06-21,10.17
2002-06-22,12.95
2002-06-23,15.3
2002-06-24,15.68
2002-06-25,15.98
2002-06-26,15.79
2002-06-27,15.99
2002-06-28,15.91
2002-06-29,15.34
2002-06-30,15.99
2002-07-01,15.21
2002-07-02,15.83
2002-07-03,16.02
2002-07-04,15.89
2002-07-05,14.61
2002-07-06,15.39
2002-07-07,16.42
2002-07-08,15.51
2002-07-09,15.02
2002-07-10,15.7
2002-07-11,16.94
2002-07-12,17.23
2002-07-13,17.5
2002-07-14,16.82
2002-07-15,17.03
2002-07-16,16.14
2002-07-17,15.41
2002-07-18,14.95
2002-07-19,15.21
2002-07-20,16.1
2002-07-21,15.39
2002-07-22,15.96
2002-07-23,16.56
2002-07-24,16.97
2002-07-25,17.26
2002-07-26,16.9
2002-07-27,16.77
2002-07-28,17.62
2002-07-29,16.96
2002-07-30,17.85
2002-07-31,16.69
2002-08-01,16.73
2002-08-02,15.76
2002-08-03,14.76
2002-08-04,13.75
2002-08-05,15.12
2002-08-06,15.56
2002-08-07,15.5
2002-08-08,12.54
2002-08-09,11.83
2002-08-10,10.39
2002-08-11,11.43
2002-08-12,12.04
2002-08-13,13.0
2002-08-14,15.18
2002-08-15,16.43
2002-08-16,17.28
2002-08-17,15.87
2002-08-18,16.49
2002-08-19,17.13
2002-08-20,16.87
2002-08-21,16.23
2002-08-22,15.83
2002-08-23,15.71
2002-08-24,16.79
2002-08-25,16.61
2002-08-26,14.15
2002-08-27,13.23
2002-08-28,14.25
2002-08-29,14.11
2002-08-30,13.85
2002-08-31,14.44
2002-09-01,13.96
2002-09-02,14.65
2002-09-03,13.47
2002-09-04,13.2
2002-09-05,13.45
2002-09-06,13.31
2002-09-07,12.64
2002-09-08,10.45
2002-09-09,10.92
2002-09-10,10.17
2002-09-11,10.21
2002-09-12,12.57
2002-09-13,16.37
2002-09-14,16.46
2002-09-15,15.09
2002-09-16,15.4
2002-09-17,16.17
2002-09-18,16.14
2002-09-19,16.24
2002-09-20,17.42
2002-09-21,18.15
2002-09-22,16.43
2002-09-23,14.43
2002-09-24,15.04
2002-09-25,14.04
2002-09-26,17.34
2002-09-27,14.01
2002-09-28,13.62
2002-09-29,14.9
2002-09-30,16.27
2002-10-01,15.26
2002-10-02,15.29
2002-10-03,15.43
2002-10-04,17.24
2002-10-05,17.35
2002-10-06,15.95
2002-10-07,15.27
2002-10-08,12.56
2002-10-09,14.26
2002-10-10,14.38
2002-10-11,14.9
2002-10-12,15.14
2002-10-13,12.45
2002-10-14,11.13
2002-10-15,10.72
2002-10-16,7.59
2002-10-17,6.47
2002-10-18,6.9
2002-10-19,9.1
2002-10-20,12.61
2002-10-21,11.98
2002-10-22,10.18
2002-10-23,11.67
2002-10-24,11.56
2002-10-25,12.04
2002-10-26,13.0
2002-10-27,13.32
2002-10-28,15.93
2002-10-29,15.84
2002-10-30,10.04
2002-10-31,6.74
2002-11-01,5.98
2002-11-02,4.74
2002-11-03,6.7
2002-11-04,8.59
2002-11-05,12.58
2002-11-06,6.53
2002-11-07,5.34
2002-11-08,6.47
2002-11-09,10.61
2002-11-10,15.49
2002-11-11,12.17
2002-11-12,7.47
2002-11-13,5.0
2002-11-14,5.23
2002-11-15,9.1
2002-11-16,6.51
2002-11-17,3.77
2002-11-18,5.34
2002-11-19,7.97
2002-11-20,8.67
2002-11-21,7.55
2002-11-22,4.32
2002-11-23,3.67
2002-11-24,4.51
2002-11-25,5.82
2002-11-26,7.25
2002-11-27,4.22
2002-11-28,3.1
2002-11-29,4.15
2002-11-30,5.44
2002-12-01,2.63
2002-12-02,3.67
2002-12-03,6.42
2002-12-04,7.41
2002-12-05,5.46
2002-12-06,3.02
2002-12-07,2.92
2002-12-08,3.98
2002-12-09,5.01
2002-12-10,6.14
2002-12-11,5.37
2002-12-12,5.24
2002-12-13,5.64
2002-12-14,4.17
2002-12-15,4.56
2002-12-16,6.31
2002-12-17,7.04
2002-12-18,7.08
2002-12-19,9.73
2002-12-20,5.21
2002-12-21,4.55
2002-12-22,7.55
2002-12-23,6.95
2002-12-24,10.2
2002-12-25,3.25
2002-12-26,3.17
2002-12-27,3.15
2002-12-28,4.37
2002-12-29,5.41
2002-12-30,7.02
2002-12-31,8.89
2003-01-01,6.74
2003-01-02,6.37
2003-01-03,3.3
2003-01-04,3.34
2003-01-05,5.37
2003-01-06,4.31
2003-01-07,3.26
2003-01-08,4.96
2003-01-09,7.49
2003-01-10,4.65
2003-01-11,2.81
2003-01-12,2.43
2003-01-13,2.82
2003-01-14,4.16
2003-01-15,3.08
2003-01-16,4.21
2003-01-17,2.17
2003-01-18,2.12
2003-01-19,2.93
2003-01-20,6.1
2003-01-21,9.02
2003-01-22,5.48
2003-01-23,1.46
2003-01-24,1.54
2003-01-25,2.41
2003-01-26,3.17
2003-01-27,2.24
2003-01-28,4.28
2003-01-29,8.04
2003-01-30,5.7
2003-01-31,4.93
2003-02-01,5.03
2003-02-02,6.53
2003-02-03,8.84
2003-02-04,4.82
2003-02-05,3.45
2003-02-06,5.28
2003-02-07,4.1
2003-02-08,2.83
2003-02-09,4.29
2003-02-10,5.26
2003-02-11,4.06
2003-02-12,4.97
2003-02-13,4.15
2003-02-14,7.88
2003-02-15,11.54
2003-02-16,8.94
2003-02-17,3.99
2003-02-18,3.91
2003-02-19,5.76
2003-02-20,7.64
2003-02-21,9.23
2003-02-22,9.73
2003-02-23,4.73
2003-02-24,6.66
2003-02-25,5.45
2003-02-26,6.67
2003-02-27,8.06
2003-02-28,6.81
2003-03-01,7.63
2003-03-02,6.39
2003-03-03,4.87
2003-03-04,7.53
2003-03-05,10.85
2003-03-06,9.77
2003-03-07,7.51
2003-03-08,8.81
2003-03-09,9.26
2003-03-10,5.49
2003-03-11,6.4
2003-03-12,9.14
2003-03-13,12.07
2003-03-14,11.33
2003-03-15,9.5
2003-03-16,9.25
2003-03-17,10.56
2003-03-18,10.16
2003-03-19,11.58
2003-03-20,9.99
2003-03-21,8.07
2003-03-22,7.59
2003-03-23,7.28
2003-03-24,7.24
2003-03-25,8.99
2003-03-26,10.71
2003-03-27,10.42
2003-03-28,11.44
2003-03-29,7.43
2003-03-30,4.1
2003-03-31,4.0
2003-04-01,6.86
2003-04-02,8.17
2003-04-03,9.83
2003-04-04,12.34
2003-04-05,12.04
2003-04-06,13.01
2003-04-07,14.7
2003-04-08,10.97
2003-04-09,6.17
2003-04-10,5.34
2003-04-11,7.05
2003-04-12,7.38
2003-04-13,7.87
2003-04-14,9.08
2003-04-15,11.25
2003-04-16,10.92
2003-04-17,12.11
2003-04-18,10.93
2003-04-19,12.64
2003-04-20,13.64
2003-04-21,12.05
2003-04-22,7.81
2003-04-23,7.06
2003-04-24,9.81
2003-04-25,13.08
2003-04-26,9.52
2003-04-27,9.56
2003-04-28,11.11
2003-04-29,11.42
2003-04-30,12.99
2003-05-01,13.36
2003-05-02,14.93
2003-05-03,14.25
2003-05-04,14.51
2003-05-05,16.36
2003-05-06,17.33
2003-05-07,17.1
2003-05-08,17.09
2003-05-09,16.44
2003-05-10,16.73
2003-05-11,15.49
2003-05-12,9.3
2003-05-13,9.49
2003-05-14,12.79
2003-05-15,14.7
2003-05-16,16.69
2003-05-17,16.87
2003-05-18,16.9
2003-05-19,15.54
2003-05-20,14.56
2003-05-21,15.11
2003-05-22,14.13
2003-05-23,12.47
2003-05-24,10.69
2003-05-25,13.47
2003-05-26,13.42
2003-05-27,10.47
2003-05-28,10.26
2003-05-29,11.76
2003-05-30,11.55
2003-05-31,15.7
2003-06-01,11.74
2003-06-02,14.41
2003-06-03,16.92
2003-06-04,13.16
2003-06-05,11.65
2003-06-06,15.57
2003-06-07,17.21
2003-06-08,15.33
2003-06-09,14.53
2003-06-10,16.0
2003-06-11,18.15
2003-06-12,17.47
2003-06-13,17.61
2003-06-14,17.34
2003-06-15,16.54
2003-06-16,16.32
2003-06-17,17.53
2003-06-18,17.37
2003-06-19,17.29
2003-06-20,15.54
2003-06-21,11.83
2003-06-22,11.44
2003-06-23,12.98
2003-06-24,15.73
2003-06-25,15.31
2003-06-26,15.17
2003-06-27,15.44
2003-06-28,15.29
2003-06-29,16.38
2003-06-30,16.9
2003-07-01,16.82
2003-07-02,15.54
2003-07-03,16.03
2003-07-04,17.52
2003-07-05,17.03
2003-07-06,16.74
2003-07-07,16.98
2003-07-08,15.91
2003-07-09,16.85
2003-07-10,18.66
2003-07-11,18.37
2003-07-12,17.26
2003-07-13,18.06
2003-07-14,16.57
2003-07-15,15.89
2003-07-16,17.38
2003-07-17,16.25
2003-07-18,15.49
2003-07-19,17.05
2003-07-20,16.23
2003-07-21,18.36
2003-07-22,19.29
2003-07-23,15.76
2003-07-24,12.63
2003-07-25,14.14
2003-07-26,17.16
2003-07-27,16.65
2003-07-28,16.69
2003-07-29,17.34
2003-07-30,17.86
2003-07-31,18.4
2003-08-01,16.46
2003-08-02,15.77
2003-08-03,17.23
2003-08-04,18.07
2003-08-05,18.79
2003-08-06,18.5
2003-08-07,16.9
2003-08-08,15.56
2003-08-09,15.68
2003-08-10,15.67
2003-08-11,15.25
2003-08-12,16.51
2003-08-13,17.91
2003-08-14,17.54
2003-08-15,17.74
2003-08-16,18.12
2003-08-17,16.67
2003-08-18,17.03
2003-08-19,17.54
2003-08-20,18.73
2003-08-21,17.86
2003-08-22,17.1
2003-08-23,17.2
2003-08-24,16.8
2003-08-25,17.32
2003-08-26,17.99
2003-08-27,18.37
2003-08-28,17.82
2003-08-29,17.75
2003-08-30,17.86
2003-08-31,18.15
2003-09-01,17.06
2003-09-02,16.84
2003-09-03,17.31
2003-09-04,16.87
2003-09-05,14.94
2003-09-06,15.3
2003-09-07,12.79
2003-09-08,13.13
2003-09-09,13.24
2003-09-10,14.18
2003-09-11,12.92
2003-09-12,11.21
2003-09-13,13.58
2003-09-14,15.21
2003-09-15,11.53
2003-09-16,10.51
2003-09-17,13.66
2003-09-18,11.27
2003-09-19,12.55
2003-09-20,13.87
2003-09-21,16.73
2003-09-22,16.56
2003-09-23,12.1
2003-09-24,11.85
2003-09-25,14.6
2003-09-26,14.93
2003-09-27,15.34
2003-09-28,8.73
2003-09-29,6.51
2003-09-30,6.8
2003-10-01,7.71
2003-10-02,5.72
2003-10-03,7.23
2003-10-04,9.26
2003-10-05,10.45
2003-10-06,12.23
2003-10-07,12.56
2003-10-08,12.51
2003-10-09,11.84
2003-10-10,13.32
2003-10-11,12.78
2003-10-12,11.52
2003-10-13,11.6
2003-10-14,10.8
2003-10-15,6.37
2003-10-16,6.3
2003-10-17,9.27
2003-10-18,7.72
2003-10-19,7.38
2003-10-20,8.62
2003-10-21,10.29
2003-10-22,8.8
2003-10-23,8.22
2003-10-24,9.83
2003-10-25,10.68
2003-10-26,12.61
2003-10-27,7.55
2003-10-28,5.92
2003-10-29,7.17
2003-10-30,8.36
2003-10-31,9.8
2003-11-01,9.78
2003-11-02,7.86
2003-11-03,8.01
2003-11-04,13.49
2003-11-05,14.96
2003-11-06,14.21
2003-11-07,9.27
2003-11-08,7.07
2003-11-09,7.34
2003-11-10,6.5
2003-11-11,8.26
2003-11-12,11.57
2003-11-13,4.12
2003-11-14,3.12
2003-11-15,5.75
2003-11-16,11.0
2003-11-17,11.18
2003-11-18,13.31
2003-11-19,7.32
2003-11-20,6.24
2003-11-21,6.73
2003-11-22,7.84
2003-11-23,10.06
2003-11-24,4.89
2003-11-25,3.21
2003-11-26,4.95
2003-11-27,10.87
2003-11-28,5.45
2003-11-29,2.94
2003-11-30,3.6
2003-12-01,4.73
2003-12-02,3.88
2003-12-03,5.42
2003-12-04,7.98
2003-12-05,4.44
2003-12-06,3.76
2003-12-07,3.74
2003-12-08,4.78
2003-12-09,7.49
2003-12-10,5.56
2003-12-11,3.68
2003-12-12,3.89
2003-12-13,5.17
2003-12-14,4.7
2003-12-15,4.12
2003-12-16,6.72
2003-12-17,3.21
2003-12-18,4.04
2003-12-19,3.69
2003-12-20,2.86
2003-12-21,3.02
2003-12-22,5.21
2003-12-23,8.02
2003-12-24,4.01
2003-12-25,3.18
2003-12-26,3.32
2003-12-27,4.19
2003-12-28,5.0
2003-12-29,7.95
2003-12-30,4.33
2003-12-31,3.76
2004-01-01,5.37
2004-01-02,9.32
2004-01-03,11.4
2004-01-04,12.2
2004-01-05,8.63
2004-01-06,2.8
2004-01-07,1.85
2004-01-08,3.2
2004-01-09,4.42
2004-01-10,2.92
2004-01-11,2.67
2004-01-12,4.24
2004-01-13,6.16
2004-01-14,7.62
2004-01-15,5.31
2004-01-16,4.14
2004-01-17,6.49
2004-01-18,8.36
2004-01-19,2.63
2004-01-20,2.63
2004-01-21,3.11
2004-01-22,3.76
2004-01-23,3.39
2004-01-24,6.86
2004-01-25,10.56
2004-01-26,8.61
2004-01-27,3.7
2004-01-28,2.25
2004-01-29,2.86
2004-01-30,4.56
2004-01-31,3.51
2004-02-01,4.08
2004-02-02,5.15
2004-02-03,4.33
2004-02-04,3.83
2004-02-05,9.02
2004-02-06,8.0
2004-02-07,3.18
2004-02-08,3.04
2004-02-09,4.22
2004-02-10,6.46
2004-02-11,5.71
2004-02-12,5.66
2004-02-13,5.16
2004-02-14,6.25
2004-02-15,5.05
2004-02-16,4.52
2004-02-17,4.6
2004-02-18,4.03
2004-02-19,4.94
2004-02-20,8.21
2004-02-21,5.75
2004-02-22,4.8
2004-02-23,6.38
2004-02-24,7.92
2004-02-25,6.68
2004-02-26,4.44
2004-02-27,4.5
2004-02-28,4.89
2004-02-29,6.32
2004-03-01,9.4
2004-03-02,11.37
2004-03-03,10.25
2004-03-04,10.96
2004-03-05,13.59
2004-03-06,10.99
2004-03-07,7.59
2004-03-08,4.58
2004-03-09,5.25
2004-03-10,3.8
2004-03-11,5.22
2004-03-12,5.82
2004-03-13,5.44
2004-03-14,8.34
2004-03-15,10.19
2004-03-16,8.44
2004-03-17,6.56
2004-03-18,9.73
2004-03-19,10.49
2004-03-20,11.23
2004-03-21,6.16
2004-03-22,3.51
2004-03-23,4.26
2004-03-24,6.52
2004-03-25,8.35
2004-03-26,9.37
2004-03-27,10.1
2004-03-28,9.96
2004-03-29,11.01
2004-03-30,7.79
2004-03-31,5.19
2004-04-01,5.32
2004-04-02,5.53
2004-04-03,5.83
2004-04-04,5.14
2004-04-05,5.32
2004-04-06,6.64
2004-04-07,9.74
2004-04-08,11.26
2004-04-09,8.09
2004-04-10,9.48
2004-04-11,10.47
2004-04-12,10.93
2004-04-13,5.44
2004-04-14,4.68
2004-04-15,5.73
2004-04-16,7.69
2004-04-17,8.6
2004-04-18,8.62
2004-04-19,8.91
2004-04-20,9.14
2004-04-21,10.62
2004-04-22,11.45
2004-04-23,11.74
2004-04-24,11.24
2004-04-25,11.8
2004-04-26,10.89
2004-04-27,7.22
2004-04-28,6.24
2004-04-29,10.61
2004-04-30,13.69
2004-05-01,14.11
2004-05-02,10.67
2004-05-03,6.43
2004-05-04,6.81
2004-05-05,10.01
2004-05-06,10.67
2004-05-07,10.91
2004-05-08,10.44
2004-05-09,11.17
2004-05-10,12.31
2004-05-11,12.06
2004-05-12,14.1
2004-05-13,14.38
2004-05-14,13.12
2004-05-15,12.81
2004-05-16,13.39
2004-05-17,14.07
2004-05-18,14.16
2004-05-19,13.62
2004-05-20,13.26
2004-05-21,14.16
2004-05-22,15.02
2004-05-23,13.24
2004-05-24,14.49
2004-05-25,14.27
2004-05-26,13.8
2004-05-27,13.53
2004-05-28,14.87
2004-05-29,14.49
2004-05-30,16.27
2004-05-31,15.19
2004-06-01,11.15
2004-06-02,14.19
2004-06-03,15.54
2004-06-04,13.32
2004-06-05,11.4
2004-06-06,13.19
2004-06-07,14.59
2004-06-08,14.53
2004-06-09,14.93
2004-06-10,15.17
2004-06-11,16.15
2004-06-12,16.51
2004-06-13,17.85
2004-06-14,16.88
2004-06-15,18.23
2004-06-16,17.97
2004-06-17,17.23
2004-06-18,17.4
2004-06-19,16.47
2004-06-20,15.05
2004-06-21,15.62
2004-06-22,17.22
2004-06-23,17.01
2004-06-24,16.69
2004-06-25,16.79
2004-06-26,15.18
2004-06-27,16.26
2004-06-28,15.86
2004-06-29,16.0
2004-06-30,16.24
2004-07-01,16.37
2004-07-02,16.79
2004-07-03,16.27
2004-07-04,16.98
2004-07-05,17.36
2004-07-06,17.56
2004-07-07,17.32
2004-07-08,16.81
2004-07-09,15.81
2004-07-10,15.44
2004-07-11,15.53
2004-07-12,16.99
2004-07-13,18.0
2004-07-14,17.53
2004-07-15,16.47
2004-07-16,14.05
2004-07-17,18.05
2004-07-18,15.33
2004-07-19,12.48
2004-07-20,12.31
2004-07-21,12.35
2004-07-22,13.79
2004-07-23,15.72
2004-07-24,15.57
2004-07-25,17.27
2004-07-26,18.07
2004-07-27,16.2
2004-07-28,12.85
2004-07-29,13.93
2004-07-30,17.28
2004-07-31,17.12
2004-08-01,16.59
2004-08-02,13.77
2004-08-03,14.64
2004-08-04,14.13
2004-08-05,15.38
2004-08-06,11.02
2004-08-07,10.16
2004-08-08,8.93
2004-08-09,13.02
2004-08-10,14.7
2004-08-11,15.2
2004-08-12,14.25
2004-08-13,8.53
2004-08-14,8.82
2004-08-15,9.49
2004-08-16,10.95
2004-08-17,10.8
2004-08-18,10.66
2004-08-19,11.9
2004-08-20,17.26
2004-08-21,17.56
2004-08-22,16.83
2004-08-23,16.01
2004-08-24,15.8
2004-08-25,17.21
2004-08-26,16.56
2004-08-27,15.86
2004-08-28,16.11
2004-08-29,16.02
2004-08-30,15.24
2004-08-31,13.88
2004-09-01,15.14
2004-09-02,16.04
2004-09-03,16.5
2004-09-04,13.38
2004-09-05,13.97
2004-09-06,14.66
2004-09-07,15.85
2004-09-08,14.27
2004-09-09,12.89
2004-09-10,13.56
2004-09-11,15.4
2004-09-12,14.39
2004-09-13,14.15
2004-09-14,13.92
2004-09-15,15.43
2004-09-16,17.45
2004-09-17,14.41
2004-09-18,10.79
2004-09-19,10.33
2004-09-20,8.99
2004-09-21,10.63
2004-09-22,11.51
2004-09-23,11.37
2004-09-24,12.07
2004-09-25,12.93
2004-09-26,12.18
2004-09-27,13.48
2004-09-28,12.08
2004-09-29,10.64
2004-09-30,8.72
2004-10-01,10.49
2004-10-02,13.24
2004-10-03,10.98
2004-10-04,8.44
2004-10-05,8.7
2004-10-06,10.49
2004-10-07,11.91
2004-10-08,10.44
2004-10-09,13.1
2004-10-10,13.69
2004-10-11,14.34
2004-10-12,13.55
2004-10-13,9.19
2004-10-14,8.32
2004-10-15,5.58
2004-10-16,7.7
2004-10-17,9.96
2004-10-18,12.45
2004-10-19,16.12
2004-10-20,14.35
2004-10-21,13.11
2004-10-22,12.39
2004-10-23,11.96
2004-10-24,11.77
2004-10-25,11.67
2004-10-26,11.79
2004-10-27,13.76
2004-10-28,13.89
2004-10-29,13.73
2004-10-30,13.47
2004-10-31,13.47
2004-11-01,13.69
2004-11-02,15.62
2004-11-03,16.35
2004-11-04,9.71
2004-11-05,5.63
2004-11-06,5.34
2004-11-07,8.09
2004-11-08,6.63
2004-11-09,5.9
2004-11-10,6.06
2004-11-11,10.72
2004-11-12,9.8
2004-11-13,8.12
2004-11-14,5.15
2004-11-15,5.01
2004-11-16,5.25
2004-11-17,6.12
2004-11-18,6.97
2004-11-19,9.42
2004-11-20,10.32
2004-11-21,11.88
2004-11-22,12.25
2004-11-23,13.42
2004-11-24,13.04
2004-11-25,4.38
2004-11-26,4.22
2004-11-27,6.8
2004-11-28,5.49
2004-11-29,6.15
2004-11-30,9.47
2004-12-01,4.71
2004-12-02,4.47
2004-12-03,4.56
2004-12-04,5.57
2004-12-05,6.85
2004-12-06,11.23
2004-12-07,11.82
2004-12-08,7.83
2004-12-09,13.14
2004-12-10,7.85
2004-12-11,4.71
2004-12-12,5.2
2004-12-13,4.88
2004-12-14,2.61
2004-12-15,2.5
2004-12-16,2.67
2004-12-17,3.57
2004-12-18,4.57
2004-12-19,3.74
2004-12-20,1.92
2004-12-21,4.95
2004-12-22,8.29
2004-12-23,3.33
2004-12-24,2.28
2004-12-25,2.91
2004-12-26,3.07
2004-12-27,3.51
2004-12-28,3.8
2004-12-29,5.9
2004-12-30,6.92
2004-12-31,7.81
2005-01-01,9.12
2005-01-02,9.29
2005-01-03,9.57
2005-01-04,9.83
2005-01-05,10.14
2005-01-06,9.7
2005-01-07,9.42
2005-01-08,8.42
2005-01-09,6.5
2005-01-10,8.8
2005-01-11,10.22
2005-01-12,10.59
2005-01-13,10.72
2005-01-14,4.46
2005-01-15,4.28
2005-01-16,3.61
2005-01-17,2.03
2005-01-18,1.97
2005-01-19,3.15
2005-01-20,4.87
2005-01-21,7.55
2005-01-22,6.64
2005-01-23,1.78
2005-01-24,2.5
2005-01-25,4.9
2005-01-26,8.43
2005-01-27,4.65
2005-01-28,3.92
2005-01-29,4.17
2005-01-30,4.66
2005-01-31,4.88
2005-02-01,5.61
2005-02-02,5.45
2005-02-03,5.36
2005-02-04,4.57
2005-02-05,4.97
2005-02-06,5.55
2005-02-07,7.54
2005-02-08,10.13
2005-02-09,9.56
2005-02-10,3.55
2005-02-11,3.99
2005-02-12,5.76
2005-02-13,7.96
2005-02-14,9.42
2005-02-15,9.18
2005-02-16,9.62
2005-02-17,4.15
2005-02-18,3.5
2005-02-19,4.53
2005-02-20,7.61
2005-02-21,11.79
2005-02-22,11.12
2005-02-23,9.47
2005-02-24,8.46
2005-02-25,5.0
2005-02-26,5.55
2005-02-27,6.51
2005-02-28,6.11
2005-03-01,3.49
2005-03-02,3.3
2005-03-03,4.35
2005-03-04,5.33
2005-03-05,6.91
2005-03-06,5.38
2005-03-07,8.55
2005-03-08,4.65
2005-03-09,4.3
2005-03-10,4.76
2005-03-11,4.78
2005-03-12,6.54
2005-03-13,9.84
2005-03-14,6.83
2005-03-15,6.63
2005-03-16,7.45
2005-03-17,5.58
2005-03-18,4.79
2005-03-19,6.91
2005-03-20,8.14
2005-03-21,8.47
2005-03-22,11.03
2005-03-23,8.49
2005-03-24,7.18
2005-03-25,8.99
2005-03-26,11.06
2005-03-27,13.01
2005-03-28,6.2
2005-03-29,7.36
2005-03-30,10.72
2005-03-31,13.32
2005-04-01,12.63
2005-04-02,5.28
2005-04-03,6.11
2005-04-04,7.99
2005-04-05,8.88
2005-04-06,10.85
2005-04-07,11.16
2005-04-08,9.89
2005-04-09,10.84
2005-04-10,11.37
2005-04-11,10.42
2005-04-12,10.31
2005-04-13,8.39
2005-04-14,7.61
2005-04-15,7.49
2005-04-16,7.19
2005-04-17,6.97
2005-04-18,7.82
2005-04-19,8.84
2005-04-20,10.32
2005-04-21,13.21
2005-04-22,13.81
2005-04-23,7.0
2005-04-24,4.53
2005-04-25,5.72
2005-04-26,9.81
2005-04-27,6.84
2005-04-28,8.19
2005-04-29,11.6
2005-04-30,12.07
2005-05-01,6.57
2005-05-02,7.13
2005-05-03,6.93
2005-05-04,7.1
2005-05-05,9.64
2005-05-06,9.14
2005-05-07,9.01
2005-05-08,10.75
2005-05-09,11.11
2005-05-10,12.34
2005-05-11,12.97
2005-05-12,12.92
2005-05-13,13.31
2005-05-14,13.45
2005-05-15,12.57
2005-05-16,9.11
2005-05-17,9.81
2005-05-18,11.9
2005-05-19,14.02
2005-05-20,15.47
2005-05-21,13.09
2005-05-22,13.14
2005-05-23,15.21
2005-05-24,13.49
2005-05-25,9.37
2005-05-26,9.64
2005-05-27,10.45
2005-05-28,12.72
2005-05-29,14.34
2005-05-30,14.57
2005-05-31,14.38
2005-06-01,15.34
2005-06-02,14.85
2005-06-03,15.46
2005-06-04,16.42
2005-06-05,16.54
2005-06-06,17.12
2005-06-07,15.99
2005-06-08,16.58
2005-06-09,16.6
2005-06-10,16.98
2005-06-11,17.31
2005-06-12,16.78
2005-06-13,16.26
2005-06-14,17.63
2005-06-15,17.28
2005-06-16,14.03
2005-06-17,13.78
2005-06-18,12.23
2005-06-19,12.98
2005-06-20,13.45
2005-06-21,13.49
2005-06-22,13.93
2005-06-23,13.41
2005-06-24,13.93
2005-06-25,14.12
2005-06-26,14.11
2005-06-27,16.25
2005-06-28,16.9
2005-06-29,16.31
2005-06-30,17.13
2005-07-01,17.2
2005-07-02,17.43
2005-07-03,17.1
2005-07-04,18.08
2005-07-05,17.1
2005-07-06,16.31
2005-07-07,15.29
2005-07-08,15.79
2005-07-09,17.32
2005-07-10,16.92
2005-07-11,17.33
2005-07-12,18.09
2005-07-13,18.85
2005-07-14,18.6
2005-07-15,18.15
2005-07-16,17.98
2005-07-17,17.45
2005-07-18,17.95
2005-07-19,18.11
2005-07-20,17.56
2005-07-21,18.51
2005-07-22,17.99
2005-07-23,18.44
2005-07-24,16.9
2005-07-25,17.64
2005-07-26,18.94
2005-07-27,18.39
2005-07-28,17.83
2005-07-29,17.62
2005-07-30,17.42
2005-07-31,17.03
2005-08-01,17.15
2005-08-02,16.93
2005-08-03,16.73
2005-08-04,16.22
2005-08-05,16.33
2005-08-06,15.84
2005-08-07,16.53
2005-08-08,17.29
2005-08-09,17.93
2005-08-10,17.94
2005-08-11,17.16
2005-08-12,17.83
2005-08-13,17.06
2005-08-14,17.37
2005-08-15,17.35
2005-08-16,17.1
2005-08-17,17.63
2005-08-18,18.61
2005-08-19,19.52
2005-08-20,18.93
2005-08-21,19.05
2005-08-22,19.04
2005-08-23,18.07
2005-08-24,18.14
2005-08-25,18.59
2005-08-26,15.38
2005-08-27,15.28
2005-08-28,17.89
2005-08-29,19.13
2005-08-30,17.61
2005-08-31,16.16
2005-09-01,13.6
2005-09-02,14.26
2005-09-03,12.89
2005-09-04,13.0
2005-09-05,12.73
2005-09-06,11.25
2005-09-07,11.61
2005-09-08,12.62
2005-09-09,11.8
2005-09-10,10.08
2005-09-11,11.61
2005-09-12,11.31
2005-09-13,12.63
2005-09-14,13.33
2005-09-15,15.91
2005-09-16,16.34
2005-09-17,16.46
2005-09-18,12.16
2005-09-19,12.13
2005-09-20,12.68
2005-09-21,13.94
2005-09-22,15.67
2005-09-23,14.57
2005-09-24,16.24
2005-09-25,17.63
2005-09-26,17.77
2005-09-27,14.43
2005-09-28,15.47
2005-09-29,14.43
2005-09-30,11.97
2005-10-01,15.02
2005-10-02,14.59
2005-10-03,12.84
2005-10-04,12.91
2005-10-05,13.15
2005-10-06,14.68
2005-10-07,12.53
2005-10-08,9.94
2005-10-09,9.45
2005-10-10,9.88
2005-10-11,11.45
2005-10-12,12.26
2005-10-13,11.69
2005-10-14,10.19
2005-10-15,8.91
2005-10-16,6.45
2005-10-17,6.01
2005-10-18,7.49
2005-10-19,10.09
2005-10-20,9.86
2005-10-21,12.1
2005-10-22,7.94
2005-10-23,6.05
2005-10-24,4.36
2005-10-25,4.51
2005-10-26,4.53
2005-10-27,4.68
2005-10-28,4.49
2005-10-29,4.21
2005-10-30,4.85
2005-10-31,5.43
2005-11-01,8.98
2005-11-02,5.93
2005-11-03,6.57
2005-11-04,9.97
2005-11-05,11.49
2005-11-06,12.38
2005-11-07,11.57
2005-11-08,10.96
2005-11-09,10.44
2005-11-10,5.42
2005-11-11,3.84
2005-11-12,6.48
2005-11-13,10.2
2005-11-14,11.29
2005-11-15,12.84
2005-11-16,5.24
2005-11-17,2.07
2005-11-18,2.42
2005-11-19,3.06
2005-11-20,5.74
2005-11-21,6.28
2005-11-22,4.21
2005-11-23,4.38
2005-11-24,6.13
2005-11-25,3.15
2005-11-26,5.56
2005-11-27,10.25
2005-11-28,13.46
2005-11-29,4.97
2005-11-30,3.47
2005-12-01,3.97
2005-12-02,2.9
2005-12-03,7.13
2005-12-04,12.02
2005-12-05,5.08
2005-12-06,2.93
2005-12-07,3.7
2005-12-08,6.2
2005-12-09,2.96
2005-12-10,3.05
2005-12-11,3.89
2005-12-12,4.44
2005-12-13,4.04
2005-12-14,5.04
2005-12-15,5.95
2005-12-16,3.52
2005-12-17,4.17
2005-12-18,5.05
2005-12-19,3.68
2005-12-20,2.53
2005-12-21,2.85
2005-12-22,3.09
2005-12-23,3.86
2005-12-24,6.46
2005-12-25,5.6
2005-12-26,4.4
2005-12-27,5.85
2005-12-28,8.51
2005-12-29,5.42
2005-12-30,6.25
2005-12-31,6.65
2006-01-01,10.2
2006-01-02,11.83
2006-01-03,6.56
2006-01-04,7.44
2006-01-05,5.49
2006-01-06,3.39
2006-01-07,3.22
2006-01-08,6.5
2006-01-09,9.08
2006-01-10,8.8
2006-01-11,7.27
2006-01-12,7.04
2006-01-13,6.96
2006-01-14,3.06
2006-01-15,3.48
2006-01-16,7.92
2006-01-17,8.87
2006-01-18,3.8
2006-01-19,4.84
2006-01-20,7.07
2006-01-21,10.76
2006-01-22,11.31
2006-01-23,10.75
2006-01-24,5.44
2006-01-25,4.02
2006-01-26,3.76
2006-01-27,4.62
2006-01-28,6.45
2006-01-29,8.47
2006-01-30,6.82
2006-01-31,4.2
2006-02-01,4.93
2006-02-02,8.31
2006-02-03,8.69
2006-02-04,4.16
2006-02-05,2.94
2006-02-06,6.47
2006-02-07,3.36
2006-02-08,3.65
2006-02-09,3.29
2006-02-10,4.33
2006-02-11,4.15
2006-02-12,2.63
2006-02-13,2.57
2006-02-14,4.1
2006-02-15,7.38
2006-02-16,8.11
2006-02-17,7.23
2006-02-18,4.49
2006-02-19,3.38
2006-02-20,5.14
2006-02-21,6.39
2006-02-22,10.42
2006-02-23,6.92
2006-02-24,5.14
2006-02-25,7.4
2006-02-26,3.62
2006-02-27,3.77
2006-02-28,6.78
2006-03-01,8.89
2006-03-02,10.38
2006-03-03,5.44
2006-03-04,4.47
2006-03-05,5.6
2006-03-06,7.55
2006-03-07,4.99
2006-03-08,6.46
2006-03-09,9.98
2006-03-10,11.51
2006-03-11,12.77
2006-03-12,12.42
2006-03-13,12.88
2006-03-14,5.66
2006-03-15,4.31
2006-03-16,6.47
2006-03-17,7.49
2006-03-18,5.66
2006-03-19,6.33
2006-03-20,9.46
2006-03-21,8.33
2006-03-22,4.4
2006-03-23,4.39
2006-03-24,4.11
2006-03-25,4.12
2006-03-26,3.79
2006-03-27,4.96
2006-03-28,8.69
2006-03-29,7.47
2006-03-30,9.11
2006-03-31,10.49
2006-04-01,13.46
2006-04-02,12.94
2006-04-03,10.99
2006-04-04,6.24
2006-04-05,6.63
2006-04-06,9.25
2006-04-07,12.16
2006-04-08,11.36
2006-04-09,6.32
2006-04-10,7.07
2006-04-11,7.21
2006-04-12,8.89
2006-04-13,9.66
2006-04-14,11.3
2006-04-15,11.07
2006-04-16,12.18
2006-04-17,14.3
2006-04-18,13.89
2006-04-19,13.42
2006-04-20,14.56
2006-04-21,13.83
2006-04-22,10.88
2006-04-23,9.39
2006-04-24,11.15
2006-04-25,13.23
2006-04-26,13.71
2006-04-27,7.59
2006-04-28,7.28
2006-04-29,7.84
2006-04-30,9.58
2006-05-01,9.2
2006-05-02,11.25
2006-05-03,12.67
2006-05-04,13.26
2006-05-05,13.09
2006-05-06,10.95
2006-05-07,13.05
2006-05-08,11.84
2006-05-09,13.97
2006-05-10,15.3
2006-05-11,9.51
2006-05-12,7.99
2006-05-13,10.61
2006-05-14,10.84
2006-05-15,7.75
2006-05-16,8.73
2006-05-17,9.28
2006-05-18,10.47
2006-05-19,10.59
2006-05-20,12.51
2006-05-21,11.67
2006-05-22,11.57
2006-05-23,13.51
2006-05-24,12.92
2006-05-25,14.6
2006-05-26,14.67
2006-05-27,14.79
2006-05-28,14.72
2006-05-29,14.66
2006-05-30,13.43
2006-05-31,13.28
2006-06-01,14.07
2006-06-02,15.71
2006-06-03,11.37
2006-06-04,11.83
2006-06-05,10.43
2006-06-06,7.93
2006-06-07,8.69
2006-06-08,11.25
2006-06-09,10.69
2006-06-10,11.33
2006-06-11,13.38
2006-06-12,15.62
2006-06-13,14.57
2006-06-14,12.99
2006-06-15,10.73
2006-06-16,12.21
2006-06-17,12.15
2006-06-18,11.41
2006-06-19,13.81
2006-06-20,14.45
2006-06-21,13.9
2006-06-22,15.3
2006-06-23,16.51
2006-06-24,15.89
2006-06-25,15.71
2006-06-26,14.53
2006-06-27,12.76
2006-06-28,10.63
2006-06-29,10.2
2006-06-30,11.96
2006-07-01,12.73
2006-07-02,13.28
2006-07-03,13.76
2006-07-04,14.41
2006-07-05,15.49
2006-07-06,15.71
2006-07-07,13.11
2006-07-08,11.53
2006-07-09,13.6
2006-07-10,14.12
2006-07-11,12.79
2006-07-12,14.25
2006-07-13,15.14
2006-07-14,14.66
2006-07-15,17.03
2006-07-16,15.31
2006-07-17,16.25
2006-07-18,16.16
2006-07-19,15.59
2006-07-20,14.17
2006-07-21,14.38
2006-07-22,16.22
2006-07-23,14.84
2006-07-24,15.72
2006-07-25,16.27
2006-07-26,15.21
2006-07-27,15.88
2006-07-28,14.97
2006-07-29,16.9
2006-07-30,16.71
2006-07-31,15.9
2006-08-01,16.13
2006-08-02,16.49
2006-08-03,15.13
2006-08-04,13.65
2006-08-05,15.82
2006-08-06,15.01
2006-08-07,14.77
2006-08-08,15.13
2006-08-09,15.77
2006-08-10,17.82
2006-08-11,18.76
2006-08-12,18.13
2006-08-13,16.38
2006-08-14,17.17
2006-08-15,17.01
2006-08-16,15.61
2006-08-17,16.91
2006-08-18,14.68
2006-08-19,13.81
2006-08-20,15.66
2006-08-21,15.99
2006-08-22,17.19
2006-08-23,16.12
2006-08-24,13.86
2006-08-25,16.74
2006-08-26,17.22
2006-08-27,17.57
2006-08-28,17.77
2006-08-29,17.86
2006-08-30,16.69
2006-08-31,14.35
2006-09-01,13.07
2006-09-02,12.99
2006-09-03,12.94
2006-09-04,13.33
2006-09-05,13.25
2006-09-06,11.34
2006-09-07,12.19
2006-09-08,11.89
2006-09-09,12.91
2006-09-10,13.05
2006-09-11,12.88
2006-09-12,14.67
2006-09-13,15.06
2006-09-14,10.29
2006-09-15,9.76
2006-09-16,10.35
2006-09-17,11.41
2006-09-18,16.94
2006-09-19,12.32
2006-09-20,7.53
2006-09-21,7.36
2006-09-22,15.06
2006-09-23,17.42
2006-09-24,16.34
2006-09-25,9.76
2006-09-26,8.34
2006-09-27,8.88
2006-09-28,9.47
2006-09-29,6.25
2006-09-30,7.77
2006-10-01,12.68
2006-10-02,10.02
2006-10-03,11.87
2006-10-04,11.46
2006-10-05,11.27
2006-10-06,9.54
2006-10-07,6.91
2006-10-08,7.96
2006-10-09,9.42
2006-10-10,9.85
2006-10-11,11.17
2006-10-12,6.76
2006-10-13,4.07
2006-10-14,4.89
2006-10-15,4.49
2006-10-16,8.51
2006-10-17,16.62
2006-10-18,12.34
2006-10-19,14.07
2006-10-20,6.63
2006-10-21,6.32
2006-10-22,8.26
2006-10-23,4.24
2006-10-24,4.64
2006-10-25,4.72
2006-10-26,7.22
2006-10-27,11.5
2006-10-28,6.3
2006-10-29,6.46
2006-10-30,7.16
2006-10-31,8.35
2006-11-01,10.1
2006-11-02,4.91
2006-11-03,3.27
2006-11-04,3.73
2006-11-05,5.46
2006-11-06,7.57
2006-11-07,9.45
2006-11-08,7.79
2006-11-09,9.37
2006-11-10,9.85
2006-11-11,8.25
2006-11-12,4.81
2006-11-13,5.26
2006-11-14,7.06
2006-11-15,11.66
2006-11-16,5.43
2006-11-17,4.75
2006-11-18,5.51
2006-11-19,4.51
2006-11-20,3.5
2006-11-21,3.37
2006-11-22,4.44
2006-11-23,5.08
2006-11-24,6.31
2006-11-25,6.64
2006-11-26,5.45
2006-11-27,7.41
2006-11-28,10.89
2006-11-29,11.75
2006-11-30,12.84
2006-12-01,5.35
2006-12-02,3.99
2006-12-03,4.73
2006-12-04,2.17
2006-12-05,2.72
2006-12-06,4.1
2006-12-07,3.29
2006-12-08,1.72
2006-12-09,2.37
2006-12-10,4.36
2006-12-11,7.29
2006-12-12,8.8
2006-12-13,7.82
2006-12-14,6.71
2006-12-15,7.27
2006-12-16,7.03
2006-12-17,7.28
2006-12-18,8.35
2006-12-19,8.79
2006-12-20,8.67
2006-12-21,10.06
2006-12-22,10.78
2006-12-23,6.13
2006-12-24,6.19
2006-12-25,7.81
2006-12-26,4.16
2006-12-27,3.56
2006-12-28,4.76
2006-12-29,7.38
2006-12-30,10.16
2006-12-31,10.59
2007-01-01,5.51
2007-01-02,4.28
2007-01-03,5.87
2007-01-04,9.46
2007-01-05,10.08
2007-01-06,8.67
2007-01-07,11.63
2007-01-08,4.99
2007-01-09,3.97
2007-01-10,3.26
2007-01-11,5.24
2007-01-12,8.46
2007-01-13,9.28
2007-01-14,9.69
2007-01-15,10.24
2007-01-16,3.82
2007-01-17,3.61
2007-01-18,5.31
2007-01-19,4.43
2007-01-20,3.57
2007-01-21,7.3
2007-01-22,6.16
2007-01-23,4.09
2007-01-24,4.12
2007-01-25,4.22
2007-01-26,3.3
2007-01-27,5.3
2007-01-28,3.6
2007-01-29,2.08
2007-01-30,3.48
2007-01-31,2.56
2007-02-01,5.48
2007-02-02,4.37
2007-02-03,2.79
2007-02-04,3.41
2007-02-05,2.72
2007-02-06,4.04
2007-02-07,7.07
2007-02-08,5.06
2007-02-09,3.94
2007-02-10,2.77
2007-02-11,3.14
2007-02-12,5.46
2007-02-13,9.42
2007-02-14,3.0
2007-02-15,2.48
2007-02-16,2.12
2007-02-17,3.23
2007-02-18,2.66
2007-02-19,3.83
2007-02-20,8.53
2007-02-21,9.92
2007-02-22,7.34
2007-02-23,4.92
2007-02-24,7.34
2007-02-25,8.44
2007-02-26,5.99
2007-02-27,6.97
2007-02-28,7.24
2007-03-01,11.62
2007-03-02,4.92
2007-03-03,4.73
2007-03-04,3.13
2007-03-05,3.86
2007-03-06,4.95
2007-03-07,6.13
2007-03-08,6.33
2007-03-09,7.51
2007-03-10,8.68
2007-03-11,8.87
2007-03-12,9.5
2007-03-13,10.11
2007-03-14,9.99
2007-03-15,11.93
2007-03-16,6.73
2007-03-17,3.85
2007-03-18,5.11
2007-03-19,7.3
2007-03-20,7.84
2007-03-21,9.19
2007-03-22,9.51
2007-03-23,10.09
2007-03-24,10.31
2007-03-25,10.97
2007-03-26,11.72
2007-03-27,12.32
2007-03-28,10.93
2007-03-29,11.69
2007-03-30,11.53
2007-03-31,11.49
2007-04-01,13.58
2007-04-02,12.9
2007-04-03,14.35
2007-04-04,9.29
2007-04-05,4.0
2007-04-06,3.9
2007-04-07,2.63
2007-04-08,3.12
2007-04-09,4.26
2007-04-10,6.57
2007-04-11,10.98
2007-04-12,6.31
2007-04-13,6.69
2007-04-14,11.78
2007-04-15,4.71
2007-04-16,5.49
2007-04-17,7.24
2007-04-18,8.16
2007-04-19,7.54
2007-04-20,6.78
2007-04-21,7.9
2007-04-22,8.3
2007-04-23,9.6
2007-04-24,11.59
2007-04-25,11.78
2007-04-26,13.0
2007-04-27,8.82
2007-04-28,8.99
2007-04-29,8.75
2007-04-30,9.09
2007-05-01,10.06
2007-05-02,10.82
2007-05-03,12.32
2007-05-04,11.09
2007-05-05,13.41
2007-05-06,13.95
2007-05-07,6.59
2007-05-08,6.2
2007-05-09,8.56
2007-05-10,10.25
2007-05-11,12.95
2007-05-12,12.78
2007-05-13,10.6
2007-05-14,10.75
2007-05-15,9.32
2007-05-16,12.19
2007-05-17,6.31
2007-05-18,5.51
2007-05-19,5.59
2007-05-20,5.9
2007-05-21,6.29
2007-05-22,8.21
2007-05-23,9.97
2007-05-24,9.55
2007-05-25,9.68
2007-05-26,9.5
2007-05-27,9.17
2007-05-28,9.42
2007-05-29,10.24
2007-05-30,10.27
2007-05-31,9.23
2007-06-01,10.61
2007-06-02,9.55
2007-06-03,10.72
2007-06-04,11.06
2007-06-05,11.38
2007-06-06,9.91
2007-06-07,14.05
2007-06-08,16.38
2007-06-09,15.61
2007-06-10,9.31
2007-06-11,11.08
2007-06-12,13.07
2007-06-13,11.24
2007-06-14,11.21
2007-06-15,13.2
2007-06-16,13.1
2007-06-17,12.57
2007-06-18,12.81
2007-06-19,17.25
2007-06-20,11.25
2007-06-21,8.68
2007-06-22,9.42
2007-06-23,9.88
2007-06-24,13.18
2007-06-25,13.96
2007-06-26,14.26
2007-06-27,14.09
2007-06-28,14.79
2007-06-29,15.78
2007-06-30,16.06
2007-07-01,15.87
2007-07-02,16.05
2007-07-03,15.08
2007-07-04,12.45
2007-07-05,12.22
2007-07-06,15.83
2007-07-07,16.3
2007-07-08,16.92
2007-07-09,17.2
2007-07-10,17.26
2007-07-11,18.28
2007-07-12,13.61
2007-07-13,15.28
2007-07-14,15.75
2007-07-15,14.13
2007-07-16,14.33
2007-07-17,15.3
2007-07-18,15.89
2007-07-19,15.79
2007-07-20,16.36
2007-07-21,11.64
2007-07-22,11.96
2007-07-23,12.53
2007-07-24,14.17
2007-07-25,14.46
2007-07-26,15.65
2007-07-27,15.92
2007-07-28,15.79
2007-07-29,16.71
2007-07-30,16.71
2007-07-31,15.6
2007-08-01,14.85
2007-08-02,13.44
2007-08-03,14.11
2007-08-04,15.0
2007-08-05,15.88
2007-08-06,16.36
2007-08-07,16.62
2007-08-08,16.13
2007-08-09,15.06
2007-08-10,14.38
2007-08-11,12.24
2007-08-12,11.06
2007-08-13,14.92
2007-08-14,11.19
2007-08-15,13.16
2007-08-16,14.7
2007-08-17,17.13
2007-08-18,16.97
2007-08-19,15.39
2007-08-20,15.56
2007-08-21,15.35
2007-08-22,14.19
2007-08-23,14.73
2007-08-24,16.74
2007-08-25,17.4
2007-08-26,16.87
2007-08-27,17.12
2007-08-28,17.26
2007-08-29,16.83
2007-08-30,17.73
2007-08-31,17.24
2007-09-01,15.11
2007-09-02,14.84
2007-09-03,12.6
2007-09-04,13.01
2007-09-05,13.45
2007-09-06,13.34
2007-09-07,13.6
2007-09-08,12.6
2007-09-09,11.46
2007-09-10,11.28
2007-09-11,15.68
2007-09-12,14.57
2007-09-13,14.18
2007-09-14,16.99
2007-09-15,9.48
2007-09-16,8.56
2007-09-17,11.59
2007-09-18,9.46
2007-09-19,8.59
2007-09-20,10.44
2007-09-21,14.17
2007-09-22,15.48
2007-09-23,16.44
2007-09-24,15.78
2007-09-25,13.87
2007-09-26,11.96
2007-09-27,14.22
2007-09-28,10.36
2007-09-29,7.96
2007-09-30,7.12
2007-10-01,7.95
2007-10-02,8.95
2007-10-03,13.79
2007-10-04,15.73
2007-10-05,15.1
2007-10-06,13.68
2007-10-07,13.16
2007-10-08,14.26
2007-10-09,14.67
2007-10-10,8.85
2007-10-11,5.47
2007-10-12,5.79
2007-10-13,6.45
2007-10-14,7.45
2007-10-15,9.86
2007-10-16,12.33
2007-10-17,13.09
2007-10-18,16.56
2007-10-19,9.93
2007-10-20,6.09
2007-10-21,8.34
2007-10-22,14.94
2007-10-23,12.69
2007-10-24,6.62
2007-10-25,6.91
2007-10-26,6.58
2007-10-27,6.2
2007-10-28,6.96
2007-10-29,5.41
2007-10-30,6.49
2007-10-31,9.03
2007-11-01,9.12
2007-11-02,7.89
2007-11-03,5.76
2007-11-04,5.65
2007-11-05,7.15
2007-11-06,4.72
2007-11-07,2.83
2007-11-08,2.94
2007-11-09,6.07
2007-11-10,5.67
2007-11-11,4.6
2007-11-12,6.2
2007-11-13,9.63
2007-11-14,11.9
2007-11-15,4.74
2007-11-16,3.46
2007-11-17,5.14
2007-11-18,8.53
2007-11-19,7.6
2007-11-20,8.01
2007-11-21,11.4
2007-11-22,7.14
2007-11-23,2.97
2007-11-24,4.0
2007-11-25,7.77
2007-11-26,9.03
2007-11-27,4.62
2007-11-28,4.51
2007-11-29,5.96
2007-11-30,3.74
2007-12-01,4.68
2007-12-02,9.69
2007-12-03,4.76
2007-12-04,3.13
2007-12-05,4.56
2007-12-06,3.56
2007-12-07,6.7
2007-12-08,11.31
2007-12-09,11.47
2007-12-10,10.48
2007-12-11,10.7
2007-12-12,11.21
2007-12-13,10.84
2007-12-14,6.48
2007-12-15,8.93
2007-12-16,3.35
2007-12-17,2.49
2007-12-18,3.05
2007-12-19,5.97
2007-12-20,8.17
2007-12-21,7.64
2007-12-22,6.87
2007-12-23,4.3
2007-12-24,3.1
2007-12-25,4.26
2007-12-26,4.92
2007-12-27,6.76
2007-12-28,10.93
2007-12-29,6.34
2007-12-30,6.63
2007-12-31,4.84
2008-01-01,3.22
2008-01-02,1.45
2008-01-03,1.64
2008-01-04,2.37
2008-01-05,5.01
2008-01-06,7.98
2008-01-07,8.35
2008-01-08,10.25
2008-01-09,8.46
2008-01-10,11.53
2008-01-11,5.66
2008-01-12,4.39
2008-01-13,4.34
2008-01-14,3.33
2008-01-15,4.0
2008-01-16,3.92
2008-01-17,5.07
2008-01-18,4.76
2008-01-19,3.5
2008-01-20,1.69
2008-01-21,2.52
2008-01-22,4.68
2008-01-23,5.51
2008-01-24,3.56
2008-01-25,2.55
2008-01-26,4.55
2008-01-27,4.04
2008-01-28,4.04
2008-01-29,7.89
2008-01-30,2.42
2008-01-31,5.3
2008-02-01,4.43
2008-02-02,4.41
2008-02-03,6.86
2008-02-04,10.28
2008-02-05,12.5
2008-02-06,9.03
2008-02-07,4.18
2008-02-08,5.0
2008-02-09,5.35
2008-02-10,4.73
2008-02-11,5.17
2008-02-12,8.42
2008-02-13,3.23
2008-02-14,3.2
2008-02-15,5.92
2008-02-16,8.18
2008-02-17,10.8
2008-02-18,4.74
2008-02-19,3.89
2008-02-20,5.41
2008-02-21,7.37
2008-02-22,9.94
2008-02-23,5.14
2008-02-24,4.92
2008-02-25,7.07
2008-02-26,7.09
2008-02-27,2.58
2008-02-28,3.57
2008-02-29,5.71
2008-03-01,7.03
2008-03-02,7.48
2008-03-03,9.53
2008-03-04,8.04
2008-03-05,4.23
2008-03-06,5.57
2008-03-07,7.89
2008-03-08,3.18
2008-03-09,3.75
2008-03-10,4.92
2008-03-11,6.28
2008-03-12,5.54
2008-03-13,7.12
2008-03-14,10.2
2008-03-15,11.59
2008-03-16,6.75
2008-03-17,8.31
2008-03-18,10.67
2008-03-19,10.75
2008-03-20,4.94
2008-03-21,5.86
2008-03-22,7.53
2008-03-23,4.47
2008-03-24,3.55
2008-03-25,3.9
2008-03-26,6.57
2008-03-27,8.74
2008-03-28,10.99
2008-03-29,11.74
2008-03-30,10.25
2008-03-31,8.83
2008-04-01,11.68
2008-04-02,11.71
2008-04-03,12.76
2008-04-04,14.2
2008-04-05,10.18
2008-04-06,9.34
2008-04-07,10.81
2008-04-08,10.85
2008-04-09,10.72
2008-04-10,12.82
2008-04-11,14.26
2008-04-12,7.95
2008-04-13,5.19
2008-04-14,4.56
2008-04-15,4.57
2008-04-16,5.89
2008-04-17,7.29
2008-04-18,8.67
2008-04-19,8.0
2008-04-20,9.23
2008-04-21,9.02
2008-04-22,9.86
2008-04-23,10.94
2008-04-24,11.7
2008-04-25,12.79
2008-04-26,13.36
2008-04-27,11.76
2008-04-28,8.68
2008-04-29,5.61
2008-04-30,7.21
2008-05-01,10.32
2008-05-02,12.01
2008-05-03,12.38
2008-05-04,9.24
2008-05-05,8.33
2008-05-06,8.1
2008-05-07,10.5
2008-05-08,14.12
2008-05-09,13.9
2008-05-10,16.38
2008-05-11,10.66
2008-05-12,7.53
2008-05-13,8.37
2008-05-14,11.27
2008-05-15,15.33
2008-05-16,11.83
2008-05-17,8.71
2008-05-18,10.31
2008-05-19,12.13
2008-05-20,14.52
2008-05-21,12.01
2008-05-22,12.72
2008-05-23,14.4
2008-05-24,15.64
2008-05-25,15.12
2008-05-26,13.6
2008-05-27,14.83
2008-05-28,15.25
2008-05-29,15.31
2008-05-30,14.92
2008-05-31,14.17
2008-06-01,16.1
2008-06-02,15.66
2008-06-03,15.85
2008-06-04,15.39
2008-06-05,15.14
2008-06-06,15.61
2008-06-07,15.1
2008-06-08,14.98
2008-06-09,15.01
2008-06-10,15.57
2008-06-11,15.36
2008-06-12,15.74
2008-06-13,16.04
2008-06-14,16.21
2008-06-15,15.21
2008-06-16,13.33
2008-06-17,14.01
2008-06-18,10.1
2008-06-19,9.39
2008-06-20,10.89
2008-06-21,14.7
2008-06-22,13.21
2008-06-23,12.27
2008-06-24,12.72
2008-06-25,14.09
2008-06-26,14.52
2008-06-27,15.59
2008-06-28,15.64
2008-06-29,16.61
2008-06-30,12.45
2008-07-01,8.69
2008-07-02,9.33
2008-07-03,13.35
2008-07-04,14.81
2008-07-05,15.87
2008-07-06,15.31
2008-07-07,14.85
2008-07-08,15.69
2008-07-09,15.89
2008-07-10,17.74
2008-07-11,18.17
2008-07-12,18.2
2008-07-13,17.27
2008-07-14,13.23
2008-07-15,11.91
2008-07-16,13.66
2008-07-17,12.74
2008-07-18,11.97
2008-07-19,12.99
2008-07-20,13.6
2008-07-21,14.5
2008-07-22,16.63
2008-07-23,17.36
2008-07-24,16.62
2008-07-25,16.8
2008-07-26,17.92
2008-07-27,16.79
2008-07-28,15.8
2008-07-29,17.53
2008-07-30,17.6
2008-07-31,17.36
2008-08-01,17.89
2008-08-02,17.65
2008-08-03,16.71
2008-08-04,15.73
2008-08-05,15.6
2008-08-06,15.56
2008-08-07,15.37
2008-08-08,12.21
2008-08-09,9.79
2008-08-10,10.89
2008-08-11,14.21
2008-08-12,16.59
2008-08-13,16.24
2008-08-14,13.13
2008-08-15,13.49
2008-08-16,13.96
2008-08-17,14.32
2008-08-18,15.12
2008-08-19,14.71
2008-08-20,14.93
2008-08-21,15.57
2008-08-22,14.57
2008-08-23,16.18
2008-08-24,18.11
2008-08-25,18.17
2008-08-26,17.42
2008-08-27,15.97
2008-08-28,16.21
2008-08-29,15.7
2008-08-30,16.32
2008-08-31,17.39
2008-09-01,17.79
2008-09-02,17.72
2008-09-03,15.24
2008-09-04,15.57
2008-09-05,16.27
2008-09-06,16.81
2008-09-07,14.43
2008-09-08,16.75
2008-09-09,17.13
2008-09-10,16.91
2008-09-11,17.63
2008-09-12,17.98
2008-09-13,17.51
2008-09-14,17.29
2008-09-15,14.08
2008-09-16,10.39
2008-09-17,12.28
2008-09-18,13.39
2008-09-19,12.31
2008-09-20,11.86
2008-09-21,11.0
2008-09-22,11.3
2008-09-23,10.76
2008-09-24,9.04
2008-09-25,7.61
2008-09-26,7.99
2008-09-27,11.05
2008-09-28,12.37
2008-09-29,11.44
2008-09-30,10.1
2008-10-01,7.66
2008-10-02,8.25
2008-10-03,10.05
2008-10-04,9.76
2008-10-05,9.68
2008-10-06,10.37
2008-10-07,13.21
2008-10-08,14.73
2008-10-09,12.25
2008-10-10,12.81
2008-10-11,12.64
2008-10-12,12.28
2008-10-13,13.37
2008-10-14,11.46
2008-10-15,10.67
2008-10-16,11.68
2008-10-17,11.42
2008-10-18,6.25
2008-10-19,5.98
2008-10-20,6.41
2008-10-21,7.19
2008-10-22,8.51
2008-10-23,7.76
2008-10-24,9.12
2008-10-25,6.75
2008-10-26,6.59
2008-10-27,4.19
2008-10-28,3.3
2008-10-29,3.55
2008-10-30,4.51
2008-10-31,4.94
2008-11-01,4.75
2008-11-02,5.54
2008-11-03,7.36
2008-11-04,7.81
2008-11-05,6.81
2008-11-06,7.78
2008-11-07,9.45
2008-11-08,4.91
2008-11-09,4.08
2008-11-10,4.21
2008-11-11,5.04
2008-11-12,8.13
2008-11-13,11.55
2008-11-14,12.53
2008-11-15,6.17
2008-11-16,3.42
2008-11-17,4.23
2008-11-18,2.6
2008-11-19,2.45
2008-11-20,4.62
2008-11-21,2.14
2008-11-22,2.12
2008-11-23,3.84
2008-11-24,6.83
2008-11-25,4.07
2008-11-26,3.6
2008-11-27,6.72
2008-11-28,9.99
2008-11-29,11.08
2008-11-30,6.43
2008-12-01,3.65
2008-12-02,3.35
2008-12-03,4.69
2008-12-04,5.98
2008-12-05,2.64
2008-12-06,2.84
2008-12-07,2.74
2008-12-08,3.37
2008-12-09,8.73
2008-12-10,11.39
2008-12-11,6.66
2008-12-12,3.55
2008-12-13,3.4
2008-12-14,5.8
2008-12-15,8.37
2008-12-16,10.75
2008-12-17,11.5
2008-12-18,10.62
2008-12-19,11.34
2008-12-20,11.87
2008-12-21,3.99
2008-12-22,1.63
2008-12-23,4.11
2008-12-24,10.44
2008-12-25,8.56
2008-12-26,11.34
2008-12-27,11.55
2008-12-28,8.45
2008-12-29,5.2
2008-12-30,4.88
2008-12-31,4.12
2009-01-01,3.66
2009-01-02,7.29
2009-01-03,10.66
2009-01-04,10.56
2009-01-05,11.01
2009-01-06,12.97
2009-01-07,6.03
2009-01-08,5.14
2009-01-09,4.72
2009-01-10,9.69
2009-01-11,4.28
2009-01-12,3.3
2009-01-13,3.82
2009-01-14,2.92
2009-01-15,2.51
2009-01-16,1.42
2009-01-17,2.93
2009-01-18,5.34
2009-01-19,4.1
2009-01-20,2.25
2009-01-21,2.31
2009-01-22,3.91
2009-01-23,7.27
2009-01-24,6.51
2009-01-25,4.74
2009-01-26,6.48
2009-01-27,9.26
2009-01-28,7.21
2009-01-29,3.58
2009-01-30,3.17
2009-01-31,3.83
2009-02-01,4.98
2009-02-02,5.26
2009-02-03,2.81
2009-02-04,1.7
2009-02-05,2.11
2009-02-06,4.41
2009-02-07,6.32
2009-02-08,7.57
2009-02-09,7.71
2009-02-10,8.87
2009-02-11,10.0
2009-02-12,5.37
2009-02-13,6.28
2009-02-14,8.46
2009-02-15,5.61
2009-02-16,3.71
2009-02-17,4.32
2009-02-18,11.02
2009-02-19,4.45
2009-02-20,2.59
2009-02-21,3.95
2009-02-22,3.41
2009-02-23,2.84
2009-02-24,3.73
2009-02-25,6.23
2009-02-26,8.62
2009-02-27,10.84
2009-02-28,9.24
2009-03-01,3.61
2009-03-02,2.64
2009-03-03,2.37
2009-03-04,3.7
2009-03-05,5.39
2009-03-06,8.57
2009-03-07,9.52
2009-03-08,10.53
2009-03-09,11.27
2009-03-10,10.94
2009-03-11,9.7
2009-03-12,6.36
2009-03-13,8.93
2009-03-14,11.27
2009-03-15,10.71
2009-03-16,10.45
2009-03-17,7.49
2009-03-18,8.37
2009-03-19,8.6
2009-03-20,6.18
2009-03-21,6.26
2009-03-22,6.69
2009-03-23,7.19
2009-03-24,9.74
2009-03-25,11.37
2009-03-26,12.7
2009-03-27,12.17
2009-03-28,12.1
2009-03-29,5.32
2009-03-30,6.08
2009-03-31,9.16
2009-04-01,8.88
2009-04-02,12.29
2009-04-03,7.25
2009-04-04,7.95
2009-04-05,12.5
2009-04-06,4.62
2009-04-07,3.77
2009-04-08,5.84
2009-04-09,9.14
2009-04-10,11.96
2009-04-11,7.69
2009-04-12,9.2
2009-04-13,11.92
2009-04-14,7.52
2009-04-15,6.66
2009-04-16,8.02
2009-04-17,8.5
2009-04-18,8.86
2009-04-19,12.0
2009-04-20,8.65
2009-04-21,7.2
2009-04-22,8.47
2009-04-23,11.71
2009-04-24,11.12
2009-04-25,12.08
2009-04-26,11.89
2009-04-27,11.98
2009-04-28,12.63
2009-04-29,13.01
2009-04-30,12.5
2009-05-01,13.46
2009-05-02,14.35
2009-05-03,14.45
2009-05-04,14.66
2009-05-05,14.04
2009-05-06,15.6
2009-05-07,16.53
2009-05-08,14.7
2009-05-09,14.74
2009-05-10,14.36
2009-05-11,13.5
2009-05-12,12.21
2009-05-13,13.19
2009-05-14,14.54
2009-05-15,15.15
2009-05-16,14.85
2009-05-17,10.65
2009-05-18,7.47
2009-05-19,7.3
2009-05-20,10.38
2009-05-21,12.82
2009-05-22,13.93
2009-05-23,14.99
2009-05-24,15.97
2009-05-25,15.26
2009-05-26,14.72
2009-05-27,15.77
2009-05-28,15.83
2009-05-29,12.63
2009-05-30,12.19
2009-05-31,13.32
2009-06-01,13.8
2009-06-02,15.41
2009-06-03,15.4
2009-06-04,15.1
2009-06-05,13.12
2009-06-06,12.22
2009-06-07,14.44
2009-06-08,14.25
2009-06-09,14.58
2009-06-10,16.7
2009-06-11,17.14
2009-06-12,17.45
2009-06-13,17.43
2009-06-14,17.44
2009-06-15,17.25
2009-06-16,17.11
2009-06-17,17.75
2009-06-18,17.55
2009-06-19,17.4
2009-06-20,17.98
2009-06-21,19.05
2009-06-22,18.4
2009-06-23,19.58
2009-06-24,17.44
2009-06-25,17.47
2009-06-26,17.08
2009-06-27,18.29
2009-06-28,18.98
2009-06-29,15.26
2009-06-30,12.37
2009-07-01,14.88
2009-07-02,14.0
2009-07-03,13.72
2009-07-04,12.61
2009-07-05,17.63
2009-07-06,18.2
2009-07-07,16.35
2009-07-08,15.32
2009-07-09,14.68
2009-07-10,15.35
2009-07-11,15.55
2009-07-12,17.87
2009-07-13,18.53
2009-07-14,17.13
2009-07-15,18.37
2009-07-16,19.12
2009-07-17,17.57
2009-07-18,12.1
2009-07-19,11.31
2009-07-20,10.51
2009-07-21,11.84
2009-07-22,14.84
2009-07-23,15.19
2009-07-24,13.26
2009-07-25,13.77
2009-07-26,15.06
2009-07-27,16.59
2009-07-28,17.93
2009-07-29,18.1
2009-07-30,18.75
2009-07-31,19.05
2009-08-01,18.63
2009-08-02,18.37
2009-08-03,16.64
2009-08-04,17.14
2009-08-05,17.53
2009-08-06,16.15
2009-08-07,15.57
2009-08-08,16.71
2009-08-09,17.37
2009-08-10,18.06
2009-08-11,18.96
2009-08-12,17.13
2009-08-13,14.85
2009-08-14,15.87
2009-08-15,16.45
2009-08-16,16.82
2009-08-17,16.84
2009-08-18,16.74
2009-08-19,17.54
2009-08-20,18.24
2009-08-21,18.73
2009-08-22,12.99
2009-08-23,11.38
2009-08-24,11.88
2009-08-25,12.61
2009-08-26,13.8
2009-08-27,17.01
2009-08-28,15.54
2009-08-29,15.45
2009-08-30,16.58
2009-08-31,14.11
2009-09-01,13.8
2009-09-02,14.07
2009-09-03,13.28
2009-09-04,13.96
2009-09-05,15.73
2009-09-06,14.7
2009-09-07,14.37
2009-09-08,14.32
2009-09-09,14.81
2009-09-10,15.73
2009-09-11,15.46
2009-09-12,14.93
2009-09-13,15.73
2009-09-14,17.1
2009-09-15,17.51
2009-09-16,17.75
2009-09-17,17.5
2009-09-18,17.42
2009-09-19,18.0
2009-09-20,17.93
2009-09-21,17.65
2009-09-22,17.34
2009-09-23,16.14
2009-09-24,17.05
2009-09-25,17.55
2009-09-26,17.92
2009-09-27,13.43
2009-09-28,14.02
2009-09-29,8.33
2009-09-30,8.77
2009-10-01,9.92
2009-10-02,11.78
2009-10-03,7.86
2009-10-04,9.91
2009-10-05,14.34
2009-10-06,15.54
2009-10-07,14.92
2009-10-08,15.2
2009-10-09,18.15
2009-10-10,12.93
2009-10-11,11.04
2009-10-12,15.05
2009-10-13,14.09
2009-10-14,15.57
2009-10-15,15.92
2009-10-16,7.46
2009-10-17,5.19
2009-10-18,4.5
2009-10-19,5.07
2009-10-20,6.44
2009-10-21,8.51
2009-10-22,11.6
2009-10-23,12.82
2009-10-24,6.85
2009-10-25,6.44
2009-10-26,8.37
2009-10-27,11.05
2009-10-28,8.66
2009-10-29,11.96
2009-10-30,14.95
2009-10-31,8.22
2009-11-01,6.0
2009-11-02,7.01
2009-11-03,7.92
2009-11-04,7.77
2009-11-05,6.88
2009-11-06,5.47
2009-11-07,7.12
2009-11-08,8.23
2009-11-09,10.21
2009-11-10,10.5
2009-11-11,8.8
2009-11-12,6.92
2009-11-13,7.04
2009-11-14,7.18
2009-11-15,7.19
2009-11-16,7.6
2009-11-17,7.03
2009-11-18,5.01
2009-11-19,5.44
2009-11-20,6.18
2009-11-21,7.33
2009-11-22,7.63
2009-11-23,7.45
2009-11-24,7.23
2009-11-25,6.37
2009-11-26,4.64
2009-11-27,4.31
2009-11-28,5.17
2009-11-29,6.59
2009-11-30,7.56
2009-12-01,5.08
2009-12-02,9.3
2009-12-03,5.07
2009-12-04,4.18
2009-12-05,3.29
2009-12-06,3.39
2009-12-07,5.46
2009-12-08,9.25
2009-12-09,8.61
2009-12-10,2.94
2009-12-11,2.87
2009-12-12,4.77
2009-12-13,8.29
2009-12-14,11.78
2009-12-15,8.5
2009-12-16,4.09
2009-12-17,4.35
2009-12-18,5.05
2009-12-19,4.63
2009-12-20,3.61
2009-12-21,4.58
2009-12-22,5.55
2009-12-23,6.06
2009-12-24,7.73
2009-12-25,5.03
2009-12-26,3.35
2009-12-27,4.38
2009-12-28,2.96
2009-12-29,3.43
2009-12-30,4.72
2009-12-31,6.74
2010-01-01,4.15
2010-01-02,2.45
2010-01-03,2.09
2010-01-04,1.92
2010-01-05,1.9
2010-01-06,2.0
2010-01-07,2.75
2010-01-08,1.69
2010-01-09,1.94
2010-01-10,1.96
2010-01-11,2.46
2010-01-12,3.05
2010-01-13,2.88
2010-01-14,3.6
2010-01-15,4.57
2010-01-16,6.67
2010-01-17,6.57
2010-01-18,5.63
2010-01-19,6.45
2010-01-20,8.22
2010-01-21,10.98
2010-01-22,7.06
2010-01-23,6.73
2010-01-24,10.5
2010-01-25,5.15
2010-01-26,4.19
2010-01-27,3.34
2010-01-28,4.72
2010-01-29,6.22
2010-01-30,5.18
2010-01-31,3.11
2010-02-01,4.61
2010-02-02,5.89
2010-02-03,4.83
2010-02-04,6.01
2010-02-05,7.33
2010-02-06,4.41
2010-02-07,3.46
2010-02-08,4.3
2010-02-09,4.82
2010-02-10,2.64
2010-02-11,3.12
2010-02-12,3.5
2010-02-13,3.39
2010-02-14,4.7
2010-02-15,3.27
2010-02-16,2.67
2010-02-17,3.19
2010-02-18,3.44
2010-02-19,3.61
2010-02-20,3.99
2010-02-21,6.11
2010-02-22,7.86
2010-02-23,4.86
2010-02-24,3.79
2010-02-25,2.57
2010-02-26,3.3
2010-02-27,3.74
2010-02-28,4.32
2010-03-01,4.95
2010-03-02,4.48
2010-03-03,3.83
2010-03-04,3.45
2010-03-05,3.62
2010-03-06,3.75
2010-03-07,3.97
2010-03-08,5.93
2010-03-09,7.46
2010-03-10,10.77
2010-03-11,10.85
2010-03-12,8.9
2010-03-13,6.12
2010-03-14,6.22
2010-03-15,6.02
2010-03-16,5.81
2010-03-17,6.12
2010-03-18,6.74
2010-03-19,6.4
2010-03-20,7.55
2010-03-21,6.7
2010-03-22,4.76
2010-03-23,6.65
2010-03-24,7.94
2010-03-25,9.14
2010-03-26,6.34
2010-03-27,7.41
2010-03-28,8.42
2010-03-29,6.2
2010-03-30,6.05
2010-03-31,7.71
2010-04-01,8.64
2010-04-02,9.04
2010-04-03,11.05
2010-04-04,12.22
2010-04-05,10.7
2010-04-06,11.0
2010-04-07,11.91
2010-04-08,10.22
2010-04-09,6.6
2010-04-10,6.68
2010-04-11,7.63
2010-04-12,8.95
2010-04-13,9.21
2010-04-14,10.13
2010-04-15,9.96
2010-04-16,10.02
2010-04-17,10.81
2010-04-18,7.67
2010-04-19,8.98
2010-04-20,9.14
2010-04-21,8.2
2010-04-22,9.74
2010-04-23,11.4
2010-04-24,14.79
2010-04-25,12.12
2010-04-26,9.37
2010-04-27,7.29
2010-04-28,6.59
2010-04-29,8.56
2010-04-30,12.83
2010-05-01,15.79
2010-05-02,16.56
2010-05-03,14.38
2010-05-04,10.25
2010-05-05,11.0
2010-05-06,13.52
2010-05-07,14.59
2010-05-08,10.72
2010-05-09,7.24
2010-05-10,9.36
2010-05-11,13.56
2010-05-12,14.74
2010-05-13,14.85
2010-05-14,15.62
2010-05-15,14.87
2010-05-16,14.69
2010-05-17,13.6
2010-05-18,13.42
2010-05-19,11.27
2010-05-20,13.78
2010-05-21,15.27
2010-05-22,15.8
2010-05-23,15.89
2010-05-24,15.96
2010-05-25,14.28
2010-05-26,13.4
2010-05-27,14.73
2010-05-28,15.52
2010-05-29,15.96
2010-05-30,15.74
2010-05-31,15.94
2010-06-01,16.66
2010-06-02,17.17
2010-06-03,16.13
2010-06-04,17.36
2010-06-05,17.91
2010-06-06,18.25
2010-06-07,13.11
2010-06-08,13.61
2010-06-09,16.19
2010-06-10,17.12
2010-06-11,16.53
2010-06-12,16.54
2010-06-13,17.68
2010-06-14,18.57
2010-06-15,19.01
2010-06-16,17.44
2010-06-17,17.17
2010-06-18,17.37
2010-06-19,18.07
2010-06-20,17.56
2010-06-21,16.34
2010-06-22,16.24
2010-06-23,15.78
2010-06-24,16.38
2010-06-25,17.44
2010-06-26,17.62
2010-06-27,17.62
2010-06-28,18.05
2010-06-29,17.3
2010-06-30,18.11
2010-07-01,16.94
2010-07-02,16.0
2010-07-03,13.67
2010-07-04,12.53
2010-07-05,15.38
2010-07-06,16.8
2010-07-07,16.19
2010-07-08,16.5
2010-07-09,17.63
2010-07-10,17.73
2010-07-11,17.87
2010-07-12,18.25
2010-07-13,17.6
2010-07-14,18.07
2010-07-15,17.68
2010-07-16,18.96
2010-07-17,17.5
2010-07-18,18.0
2010-07-19,16.57
2010-07-20,15.98
2010-07-21,16.64
2010-07-22,16.84
2010-07-23,16.89
2010-07-24,17.45
2010-07-25,18.4
2010-07-26,18.27
2010-07-27,17.94
2010-07-28,17.09
2010-07-29,17.75
2010-07-30,18.89
2010-07-31,17.98
2010-08-01,17.45
2010-08-02,19.57
2010-08-03,18.98
2010-08-04,18.75
2010-08-05,19.32
2010-08-06,19.43
2010-08-07,18.44
2010-08-08,18.99
2010-08-09,17.26
2010-08-10,15.93
2010-08-11,16.32
2010-08-12,17.82
2010-08-13,19.33
2010-08-14,19.79
2010-08-15,19.15
2010-08-16,18.69
2010-08-17,18.27
2010-08-18,18.28
2010-08-19,19.33
2010-08-20,17.72
2010-08-21,18.76
2010-08-22,19.07
2010-08-23,15.25
2010-08-24,13.62
2010-08-25,13.67
2010-08-26,14.21
2010-08-27,16.5
2010-08-28,17.27
2010-08-29,16.73
2010-08-30,14.21
2010-08-31,13.93
2010-09-01,13.01
2010-09-02,13.89
2010-09-03,13.9
2010-09-04,9.65
2010-09-05,7.75
2010-09-06,9.99
2010-09-07,13.91
2010-09-08,14.97
2010-09-09,14.93
2010-09-10,15.25
2010-09-11,17.04
2010-09-12,12.86
2010-09-13,10.07
2010-09-14,11.43
2010-09-15,12.71
2010-09-16,12.28
2010-09-17,14.01
2010-09-18,11.6
2010-09-19,14.14
2010-09-20,12.88
2010-09-21,13.57
2010-09-22,13.12
2010-09-23,11.89
2010-09-24,13.44
2010-09-25,14.3
2010-09-26,13.61
2010-09-27,10.19
2010-09-28,8.4
2010-09-29,7.7
2010-09-30,8.12
2010-10-01,8.13
2010-10-02,7.46
2010-10-03,5.73
2010-10-04,4.86
2010-10-05,5.21
2010-10-06,4.91
2010-10-07,6.26
2010-10-08,8.15
2010-10-09,7.81
2010-10-10,7.34
2010-10-11,9.24
2010-10-12,11.75
2010-10-13,10.41
2010-10-14,6.76
2010-10-15,5.16
2010-10-16,4.72
2010-10-17,5.36
2010-10-18,8.18
2010-10-19,8.72
2010-10-20,8.76
2010-10-21,5.83
2010-10-22,5.05
2010-10-23,6.69
2010-10-24,10.63
2010-10-25,14.28
2010-10-26,15.77
2010-10-27,17.12
2010-10-28,9.41
2010-10-29,5.22
2010-10-30,6.06
2010-10-31,8.0
2010-11-01,9.67
2010-11-02,9.08
2010-11-03,8.59
2010-11-04,6.14
2010-11-05,4.33
2010-11-06,3.2
2010-11-07,3.46
2010-11-08,4.47
2010-11-09,5.21
2010-11-10,6.01
2010-11-11,5.87
2010-11-12,6.39
2010-11-13,5.02
2010-11-14,8.19
2010-11-15,10.48
2010-11-16,9.45
2010-11-17,5.37
2010-11-18,6.22
2010-11-19,6.75
2010-11-20,7.55
2010-11-21,8.69
2010-11-22,10.61
2010-11-23,12.54
2010-11-24,11.63
2010-11-25,11.86
2010-11-26,7.28
2010-11-27,3.61
2010-11-28,4.21
2010-11-29,8.15
2010-11-30,9.56
2010-12-01,3.25
2010-12-02,3.49
2010-12-03,5.14
2010-12-04,7.38
2010-12-05,3.24
2010-12-06,2.46
2010-12-07,2.56
2010-12-08,2.22
2010-12-09,2.42
2010-12-10,3.03
2010-12-11,4.95
2010-12-12,3.17
2010-12-13,1.52
2010-12-14,1.7
2010-12-15,3.11
2010-12-16,8.79
2010-12-17,4.51
2010-12-18,4.2
2010-12-19,3.1
2010-12-20,3.32
2010-12-21,7.3
2010-12-22,7.93
2010-12-23,3.13
2010-12-24,3.51
2010-12-25,3.84
2010-12-26,2.53
2010-12-27,2.52
2010-12-28,2.7
2010-12-29,4.16
2010-12-30,6.12
2010-12-31,8.75
2011-01-01,8.99
2011-01-02,3.34
2011-01-03,2.6
2011-01-04,3.67
2011-01-05,5.88
2011-01-06,4.33
2011-01-07,4.72
2011-01-08,3.4
2011-01-09,2.24
2011-01-10,3.35
2011-01-11,3.29
2011-01-12,1.94
2011-01-13,2.22
2011-01-14,2.41
2011-01-15,3.25
2011-01-16,4.46
2011-01-17,5.06
2011-01-18,6.32
2011-01-19,5.14
2011-01-20,4.9
2011-01-21,2.58
2011-01-22,2.32
2011-01-23,2.93
2011-01-24,4.17
2011-01-25,5.63
2011-01-26,4.0
2011-01-27,4.14
2011-01-28,4.98
2011-01-29,6.19
2011-01-30,7.45
2011-01-31,8.12
2011-02-01,9.04
2011-02-02,2.73
2011-02-03,3.02
2011-02-04,4.69
2011-02-05,3.85
2011-02-06,3.77
2011-02-07,4.59
2011-02-08,2.94
2011-02-09,3.27
2011-02-10,3.05
2011-02-11,2.52
2011-02-12,3.3
2011-02-13,4.37
2011-02-14,6.17
2011-02-15,5.61
2011-02-16,6.48
2011-02-17,7.32
2011-02-18,9.08
2011-02-19,9.94
2011-02-20,9.4
2011-02-21,10.05
2011-02-22,8.86
2011-02-23,7.21
2011-02-24,9.89
2011-02-25,8.66
2011-02-26,7.17
2011-02-27,11.14
2011-02-28,12.54
2011-03-01,5.49
2011-03-02,6.97
2011-03-03,7.24
2011-03-04,8.58
2011-03-05,10.08
2011-03-06,4.7
2011-03-07,4.57
2011-03-08,6.99
2011-03-09,10.72
2011-03-10,5.02
2011-03-11,4.36
2011-03-12,6.29
2011-03-13,8.39
2011-03-14,9.81
2011-03-15,7.62
2011-03-16,5.92
2011-03-17,7.5
2011-03-18,10.02
2011-03-19,10.8
2011-03-20,11.24
2011-03-21,9.29
2011-03-22,10.97
2011-03-23,11.96
2011-03-24,7.58
2011-03-25,6.66
2011-03-26,12.51
2011-03-27,11.24
2011-03-28,8.65
2011-03-29,9.01
2011-03-30,9.77
2011-03-31,6.1
2011-04-01,6.77
2011-04-02,6.97
2011-04-03,9.28
2011-04-04,12.24
2011-04-05,4.76
2011-04-06,5.74
2011-04-07,10.34
2011-04-08,14.63
2011-04-09,13.91
2011-04-10,13.69
2011-04-11,13.19
2011-04-12,8.79
2011-04-13,7.59
2011-04-14,8.83
2011-04-15,11.73
2011-04-16,6.95
2011-04-17,6.43
2011-04-18,8.8
2011-04-19,12.11
2011-04-20,14.68
2011-04-21,13.08
2011-04-22,12.21
2011-04-23,13.21
2011-04-24,12.51
2011-04-25,13.13
2011-04-26,14.5
2011-04-27,15.54
2011-04-28,8.21
2011-04-29,7.76
2011-04-30,9.05
2011-05-01,11.91
2011-05-02,12.61
2011-05-03,10.97
2011-05-04,6.51
2011-05-05,6.28
2011-05-06,7.94
2011-05-07,9.64
2011-05-08,12.36
2011-05-09,13.35
2011-05-10,13.77
2011-05-11,12.07
2011-05-12,13.48
2011-05-13,13.42
2011-05-14,10.58
2011-05-15,8.09
2011-05-16,7.43
2011-05-17,6.91
2011-05-18,7.08
2011-05-19,8.7
2011-05-20,9.55
2011-05-21,12.35
2011-05-22,12.85
2011-05-23,13.4
2011-05-24,13.17
2011-05-25,12.37
2011-05-26,15.36
2011-05-27,11.91
2011-05-28,11.1
2011-05-29,13.56
2011-05-30,13.46
2011-05-31,13.98
2011-06-01,14.44
2011-06-02,15.1
2011-06-03,16.07
2011-06-04,14.73
2011-06-05,14.26
2011-06-06,13.97
2011-06-07,12.96
2011-06-08,13.92
2011-06-09,13.55
2011-06-10,14.65
2011-06-11,14.9
2011-06-12,14.22
2011-06-13,13.97
2011-06-14,14.19
2011-06-15,14.62
2011-06-16,14.89
2011-06-17,15.83
2011-06-18,16.04
2011-06-19,15.17
2011-06-20,14.93
2011-06-21,16.08
2011-06-22,17.41
2011-06-23,17.11
2011-06-24,15.88
2011-06-25,15.36
2011-06-26,15.78
2011-06-27,16.43
2011-06-28,17.66
2011-06-29,15.58
2011-06-30,11.81
2011-07-01,13.16
2011-07-02,14.65
2011-07-03,15.25
2011-07-04,16.85
2011-07-05,16.69
2011-07-06,15.32
2011-07-07,14.97
2011-07-08,16.29
2011-07-09,18.12
2011-07-10,18.54
2011-07-11,19.15
2011-07-12,19.75
2011-07-13,19.0
2011-07-14,18.95
2011-07-15,18.39
2011-07-16,17.58
2011-07-17,16.22
2011-07-18,15.19
2011-07-19,15.74
2011-07-20,18.22
2011-07-21,18.29
2011-07-22,16.96
2011-07-23,17.92
2011-07-24,18.44
2011-07-25,18.8
2011-07-26,19.0
2011-07-27,17.67
2011-07-28,17.53
2011-07-29,16.13
2011-07-30,17.53
2011-07-31,18.56
2011-08-01,18.05
2011-08-02,17.4
2011-08-03,17.24
2011-08-04,18.14
2011-08-05,17.66
2011-08-06,18.54
2011-08-07,17.78
2011-08-08,18.53
2011-08-09,18.28
2011-08-10,17.4
2011-08-11,18.4
2011-08-12,16.5
2011-08-13,16.26
2011-08-14,15.07
2011-08-15,11.5
2011-08-16,11.35
2011-08-17,11.37
2011-08-18,14.12
2011-08-19,14.54
2011-08-20,15.79
2011-08-21,16.77
2011-08-22,16.87
2011-08-23,13.61
2011-08-24,13.3
2011-08-25,13.56
2011-08-26,14.47
2011-08-27,11.19
2011-08-28,10.42
2011-08-29,10.06
2011-08-30,9.83
2011-08-31,14.76
2011-09-01,14.24
2011-09-02,12.88
2011-09-03,11.61
2011-09-04,16.79
2011-09-05,17.51
2011-09-06,9.59
2011-09-07,10.16
2011-09-08,10.15
2011-09-09,9.89
2011-09-10,9.22
2011-09-11,10.5
2011-09-12,12.44
2011-09-13,11.43
2011-09-14,11.17
2011-09-15,12.38
2011-09-16,10.52
2011-09-17,11.53
2011-09-18,11.48
2011-09-19,12.02
2011-09-20,14.89
2011-09-21,14.47
2011-09-22,15.82
2011-09-23,14.23
2011-09-24,8.85
2011-09-25,11.86
2011-09-26,15.26
2011-09-27,13.45
2011-09-28,12.4
2011-09-29,11.34
2011-09-30,8.69
2011-10-01,6.09
2011-10-02,5.87
2011-10-03,5.7
2011-10-04,6.92
2011-10-05,8.37
2011-10-06,8.99
2011-10-07,8.43
2011-10-08,9.52
2011-10-09,9.55
2011-10-10,11.03
2011-10-11,11.57
2011-10-12,11.32
2011-10-13,11.08
2011-10-14,7.56
2011-10-15,7.3
2011-10-16,7.24
2011-10-17,8.28
2011-10-18,11.27
2011-10-19,5.04
2011-10-20,4.67
2011-10-21,4.51
2011-10-22,4.79
2011-10-23,5.88
2011-10-24,7.35
2011-10-25,6.87
2011-10-26,7.52
2011-10-27,9.54
2011-10-28,8.72
2011-10-29,4.11
2011-10-30,3.97
2011-10-31,4.49
2011-11-01,4.5
2011-11-02,4.72
2011-11-03,7.01
2011-11-04,5.66
2011-11-05,5.06
2011-11-06,6.38
2011-11-07,8.04
2011-11-08,8.17
2011-11-09,9.65
2011-11-10,3.79
2011-11-11,3.12
2011-11-12,3.79
2011-11-13,7.54
2011-11-14,12.31
2011-11-15,13.65
2011-11-16,13.65
2011-11-17,4.36
2011-11-18,3.3
2011-11-19,7.11
2011-11-20,11.02
2011-11-21,10.96
2011-11-22,12.4
2011-11-23,7.6
2011-11-24,5.37
2011-11-25,5.97
2011-11-26,8.67
2011-11-27,10.52
2011-11-28,5.35
2011-11-29,4.21
2011-11-30,3.75
2011-12-01,3.84
2011-12-02,4.6
2011-12-03,4.74
2011-12-04,7.43
2011-12-05,10.43
2011-12-06,8.77
2011-12-07,4.68
2011-12-08,3.53
2011-12-09,3.93
2011-12-10,3.62
2011-12-11,3.78
2011-12-12,5.6
2011-12-13,6.83
2011-12-14,7.45
2011-12-15,9.63
2011-12-16,9.33
2011-12-17,4.28
2011-12-18,3.96
2011-12-19,5.13
2011-12-20,10.22
2011-12-21,11.9
2011-12-22,11.29
2011-12-23,6.0
2011-12-24,5.27
2011-12-25,6.78
2011-12-26,5.83
2011-12-27,5.85
2011-12-28,4.7
2011-12-29,5.14
2011-12-30,7.88
2011-12-31,6.38
2012-01-01,7.57
2012-01-02,3.06
2012-01-03,1.84
2012-01-04,3.27
2012-01-05,5.48
2012-01-06,6.84
2012-01-07,9.08
2012-01-08,9.34
2012-01-09,10.6
2012-01-10,10.26
2012-01-11,7.69
2012-01-12,4.92
2012-01-13,2.37
2012-01-14,3.32
2012-01-15,4.14
2012-01-16,5.29
2012-01-17,9.4
2012-01-18,3.71
2012-01-19,4.37
2012-01-20,10.42
2012-01-21,11.41
2012-01-22,10.72
2012-01-23,10.52
2012-01-24,5.85
2012-01-25,9.11
2012-01-26,11.8
2012-01-27,5.58
2012-01-28,5.31
2012-01-29,3.12
2012-01-30,3.74
2012-01-31,6.31
2012-02-01,9.55
2012-02-02,8.62
2012-02-03,7.59
2012-02-04,10.6
2012-02-05,8.32
2012-02-06,6.16
2012-02-07,5.63
2012-02-08,5.44
2012-02-09,4.36
2012-02-10,5.28
2012-02-11,2.9
2012-02-12,2.06
2012-02-13,3.23
2012-02-14,5.86
2012-02-15,6.77
2012-02-16,9.3
2012-02-17,6.93
2012-02-18,7.79
2012-02-19,6.43
2012-02-20,4.93
2012-02-21,7.56
2012-02-22,9.8
2012-02-23,12.55
2012-02-24,8.09
2012-02-25,4.19
2012-02-26,5.5
2012-02-27,7.86
2012-02-28,11.09
2012-02-29,12.28
2012-03-01,13.23
2012-03-02,13.38
2012-03-03,6.83
2012-03-04,4.48
2012-03-05,4.94
2012-03-06,5.06
2012-03-07,8.53
2012-03-08,10.99
2012-03-09,7.3
2012-03-10,6.27
2012-03-11,8.79
2012-03-12,11.78
2012-03-13,12.22
2012-03-14,12.1
2012-03-15,11.67
2012-03-16,11.91
2012-03-17,11.43
2012-03-18,11.35
2012-03-19,11.48
2012-03-20,11.85
2012-03-21,12.52
2012-03-22,13.61
2012-03-23,13.72
2012-03-24,9.52
2012-03-25,9.32
2012-03-26,10.35
2012-03-27,10.79
2012-03-28,11.09
2012-03-29,11.83
2012-03-30,13.18
2012-03-31,13.17
2012-04-01,13.11
2012-04-02,13.81
2012-04-03,12.62
2012-04-04,12.7
2012-04-05,11.72
2012-04-06,9.29
2012-04-07,8.32
2012-04-08,9.05
2012-04-09,8.75
2012-04-10,9.07
2012-04-11,7.03
2012-04-12,5.31
2012-04-13,7.45
2012-04-14,10.28
2012-04-15,12.27
2012-04-16,13.65
2012-04-17,12.49
2012-04-18,10.94
2012-04-19,11.02
2012-04-20,11.65
2012-04-21,10.99
2012-04-22,6.82
2012-04-23,5.2
2012-04-24,6.5
2012-04-25,10.02
2012-04-26,11.98
2012-04-27,12.62
2012-04-28,11.86
2012-04-29,10.79
2012-04-30,12.5
2012-05-01,13.74
2012-05-02,14.71
2012-05-03,15.08
2012-05-04,14.45
2012-05-05,15.3
2012-05-06,14.83
2012-05-07,14.39
2012-05-08,13.85
2012-05-09,12.13
2012-05-10,9.16
2012-05-11,9.36
2012-05-12,12.01
2012-05-13,13.89
2012-05-14,12.54
2012-05-15,12.47
2012-05-16,11.51
2012-05-17,11.12
2012-05-18,12.53
2012-05-19,11.57
2012-05-20,10.57
2012-05-21,13.01
2012-05-22,12.01
2012-05-23,9.77
2012-05-24,13.32
2012-05-25,13.47
2012-05-26,13.79
2012-05-27,14.33
2012-05-28,13.68
2012-05-29,15.06
2012-05-30,12.54
2012-05-31,13.05
2012-06-01,12.18
2012-06-02,9.35
2012-06-03,12.87
2012-06-04,15.0
2012-06-05,15.23
2012-06-06,13.05
2012-06-07,12.87
2012-06-08,11.8
2012-06-09,12.76
2012-06-10,16.78
2012-06-11,17.86
2012-06-12,17.0
2012-06-13,13.71
2012-06-14,14.88
2012-06-15,15.04
2012-06-16,11.7
2012-06-17,12.12
2012-06-18,12.8
2012-06-19,12.09
2012-06-20,11.87
2012-06-21,11.67
2012-06-22,12.56
2012-06-23,14.78
2012-06-24,15.14
2012-06-25,14.12
2012-06-26,12.92
2012-06-27,10.2
2012-06-28,12.58
2012-06-29,13.63
2012-06-30,15.22
2012-07-01,16.69
2012-07-02,17.29
2012-07-03,15.05
2012-07-04,15.04
2012-07-05,16.1
2012-07-06,15.5
2012-07-07,16.06
2012-07-08,15.74
2012-07-09,15.79
2012-07-10,15.32
2012-07-11,15.23
2012-07-12,15.8
2012-07-13,16.01
2012-07-14,16.59
2012-07-15,15.94
2012-07-16,16.34
2012-07-17,17.82
2012-07-18,17.2
2012-07-19,16.95
2012-07-20,17.91
2012-07-21,17.25
2012-07-22,15.76
2012-07-23,15.88
2012-07-24,15.97
2012-07-25,16.35
2012-07-26,17.55
2012-07-27,18.26
2012-07-28,16.42
2012-07-29,14.44
2012-07-30,14.06
2012-07-31,18.23
2012-08-01,17.11
2012-08-02,17.97
2012-08-03,18.01
2012-08-04,17.71
2012-08-05,16.59
2012-08-06,17.4
2012-08-07,17.12
2012-08-08,16.72
2012-08-09,18.41
2012-08-10,18.28
2012-08-11,14.96
2012-08-12,9.86
2012-08-13,14.37
2012-08-14,17.45
2012-08-15,14.47
2012-08-16,16.07
2012-08-17,16.82
2012-08-18,17.22
2012-08-19,16.15
2012-08-20,12.48
2012-08-21,11.43
2012-08-22,10.95
2012-08-23,11.27
2012-08-24,13.88
2012-08-25,14.27
2012-08-26,12.58
2012-08-27,13.12
2012-08-28,17.21
2012-08-29,17.6
2012-08-30,17.98
2012-08-31,17.4
2012-09-01,16.78
2012-09-02,17.48
2012-09-03,18.96
2012-09-04,19.34
2012-09-05,16.89
2012-09-06,17.42
2012-09-07,17.09
2012-09-08,15.88
2012-09-09,10.18
2012-09-10,10.13
2012-09-11,11.19
2012-09-12,11.38
2012-09-13,11.46
2012-09-14,12.35
2012-09-15,12.59
2012-09-16,14.24
2012-09-17,16.89
2012-09-18,14.77
2012-09-19,8.69
2012-09-20,8.93
2012-09-21,10.96
2012-09-22,12.73
2012-09-23,8.99
2012-09-24,6.74
2012-09-25,8.77
2012-09-26,11.82
2012-09-27,12.21
2012-09-28,12.2
2012-09-29,13.41
2012-09-30,14.47
2012-10-01,15.79
2012-10-02,11.05
2012-10-03,10.07
2012-10-04,10.71
2012-10-05,10.49
2012-10-06,10.86
2012-10-07,7.2
2012-10-08,7.02
2012-10-09,7.36
2012-10-10,9.47
2012-10-11,10.14
2012-10-12,11.8
2012-10-13,11.82
2012-10-14,12.53
2012-10-15,10.63
2012-10-16,7.34
2012-10-17,7.87
2012-10-18,9.04
2012-10-19,6.06
2012-10-20,7.01
2012-10-21,7.51
2012-10-22,7.57
2012-10-23,7.59
2012-10-24,9.92
2012-10-25,10.66
2012-10-26,11.6
2012-10-27,6.94
2012-10-28,5.37
2012-10-29,3.7
2012-10-30,3.71
2012-10-31,5.77
2012-11-01,4.84
2012-11-02,8.18
2012-11-03,10.21
2012-11-04,8.87
2012-11-05,5.95
2012-11-06,6.65
2012-11-07,5.4
2012-11-08,4.91
2012-11-09,4.85
2012-11-10,5.2
2012-11-11,7.24
2012-11-12,8.56
2012-11-13,3.49
2012-11-14,5.31
2012-11-15,5.73
2012-11-16,5.06
2012-11-17,4.37
2012-11-18,5.16
2012-11-19,6.36
2012-11-20,6.65
2012-11-21,7.08
2012-11-22,6.88
2012-11-23,7.53
2012-11-24,3.19
2012-11-25,3.08
2012-11-26,5.84
2012-11-27,7.98
2012-11-28,3.93
2012-11-29,4.51
2012-11-30,6.33
2012-12-01,7.33
2012-12-02,7.89
2012-12-03,8.52
2012-12-04,9.8
2012-12-05,9.67
2012-12-06,8.75
2012-12-07,9.5
2012-12-08,10.74
2012-12-09,10.48
2012-12-10,10.72
2012-12-11,3.72
2012-12-12,3.69
2012-12-13,4.24
2012-12-14,5.3
2012-12-15,6.95
2012-12-16,10.26
2012-12-17,10.52
2012-12-18,5.73
2012-12-19,6.54
2012-12-20,7.17
2012-12-21,2.58
2012-12-22,3.04
2012-12-23,4.99
2012-12-24,8.05
2012-12-25,8.95
2012-12-26,4.09
2012-12-27,3.39
2012-12-28,4.73
2012-12-29,3.97
2012-12-30,2.88
2012-12-31,4.51
2013-01-01,8.44
2013-01-02,5.18
2013-01-03,3.75
2013-01-04,3.5
2013-01-05,4.21
2013-01-06,5.25
2013-01-07,4.19
2013-01-08,6.21
2013-01-09,9.28
2013-01-10,11.41
2013-01-11,12.9
2013-01-12,11.91
2013-01-13,12.99
2013-01-14,7.37
2013-01-15,7.25
2013-01-16,6.38
2013-01-17,4.56
2013-01-18,3.78
2013-01-19,4.11
2013-01-20,5.09
2013-01-21,4.99
2013-01-22,3.12
2013-01-23,5.03
2013-01-24,6.68
2013-01-25,7.61
2013-01-26,6.09
2013-01-27,6.06
2013-01-28,8.46
2013-01-29,12.17
2013-01-30,10.65
2013-01-31,3.7
2013-02-01,3.19
2013-02-02,4.34
2013-02-03,5.14
2013-02-04,5.17
2013-02-05,7.66
2013-02-06,7.33
2013-02-07,8.27
2013-02-08,6.91
2013-02-09,4.95
2013-02-10,8.54
2013-02-11,8.98
2013-02-12,7.58
2013-02-13,6.25
2013-02-14,4.71
2013-02-15,5.47
2013-02-16,3.46
2013-02-17,2.86
2013-02-18,4.59
2013-02-19,5.43
2013-02-20,3.45
2013-02-21,5.25
2013-02-22,8.72
2013-02-23,7.75
2013-02-24,6.07
2013-02-25,8.32
2013-02-26,7.03
2013-02-27,5.33
2013-02-28,4.35
2013-03-01,3.84
2013-03-02,3.37
2013-03-03,2.83
2013-03-04,4.77
2013-03-05,7.66
2013-03-06,3.48
2013-03-07,4.16
2013-03-08,4.87
2013-03-09,6.32
2013-03-10,8.42
2013-03-11,7.79
2013-03-12,4.75
2013-03-13,4.26
2013-03-14,3.74
2013-03-15,6.93
2013-03-16,8.23
2013-03-17,9.81
2013-03-18,11.85
2013-03-19,6.31
2013-03-20,4.74
2013-03-21,3.66
2013-03-22,5.8
2013-03-23,9.05
2013-03-24,8.24
2013-03-25,3.14
2013-03-26,3.28
2013-03-27,3.84
2013-03-28,4.57
2013-03-29,6.53
2013-03-30,9.16
2013-03-31,11.22
2013-04-01,9.25
2013-04-02,7.73
2013-04-03,7.01
2013-04-04,7.79
2013-04-05,6.47
2013-04-06,7.28
2013-04-07,9.16
2013-04-08,11.08
2013-04-09,11.76
2013-04-10,12.14
2013-04-11,13.21
2013-04-12,6.7
2013-04-13,7.4
2013-04-14,9.02
2013-04-15,12.07
2013-04-16,14.81
2013-04-17,14.88
2013-04-18,13.57
2013-04-19,8.3
2013-04-20,5.39
2013-04-21,6.83
2013-04-22,8.77
2013-04-23,10.03
2013-04-24,10.8
2013-04-25,6.56
2013-04-26,7.33
2013-04-27,11.38
2013-04-28,12.81
2013-04-29,10.81
2013-04-30,12.07
2013-05-01,12.32
2013-05-02,11.67
2013-05-03,11.09
2013-05-04,6.22
2013-05-05,6.31
2013-05-06,7.87
2013-05-07,8.66
2013-05-08,10.3
2013-05-09,11.86
2013-05-10,12.18
2013-05-11,13.35
2013-05-12,8.49
2013-05-13,6.93
2013-05-14,9.39
2013-05-15,11.57
2013-05-16,12.34
2013-05-17,13.88
2013-05-18,15.96
2013-05-19,14.92
2013-05-20,14.54
2013-05-21,15.24
2013-05-22,14.67
2013-05-23,13.74
2013-05-24,10.47
2013-05-25,9.2
2013-05-26,10.44
2013-05-27,12.97
2013-05-28,13.37
2013-05-29,14.16
2013-05-30,15.09
2013-05-31,15.35
2013-06-01,16.41
2013-06-02,16.14
2013-06-03,15.23
2013-06-04,15.95
2013-06-05,17.43
2013-06-06,15.97
2013-06-07,15.6
2013-06-08,14.83
2013-06-09,16.13
2013-06-10,16.72
2013-06-11,17.35
2013-06-12,17.57
2013-06-13,17.95
2013-06-14,14.35
2013-06-15,13.69
2013-06-16,16.17
2013-06-17,17.84
2013-06-18,18.16
2013-06-19,15.78
2013-06-20,15.16
2013-06-21,15.13
2013-06-22,13.76
2013-06-23,15.88
2013-06-24,16.35
2013-06-25,15.7
2013-06-26,17.17
2013-06-27,18.84
2013-06-28,19.57
2013-06-29,16.29
2013-06-30,13.14
2013-07-01,13.54
2013-07-02,14.23
2013-07-03,15.94
2013-07-04,16.45
2013-07-05,16.8
2013-07-06,16.98
2013-07-07,16.7
2013-07-08,17.07
2013-07-09,17.47
2013-07-10,18.23
2013-07-11,17.42
2013-07-12,17.39
2013-07-13,16.97
2013-07-14,17.01
2013-07-15,17.02
2013-07-16,16.75
2013-07-17,17.16
2013-07-18,16.99
2013-07-19,16.56
2013-07-20,17.28
2013-07-21,17.74
2013-07-22,18.19
2013-07-23,18.69
2013-07-24,18.2
2013-07-25,16.2
2013-07-26,14.09
2013-07-27,15.08
2013-07-28,15.85
2013-07-29,15.33
2013-07-30,16.16
2013-07-31,18.5
2013-08-01,17.24
2013-08-02,15.14
2013-08-03,16.94
2013-08-04,17.8
2013-08-05,16.19
2013-08-06,18.11
2013-08-07,18.43
2013-08-08,19.09
2013-08-09,18.62
2013-08-10,17.67
2013-08-11,17.72
2013-08-12,17.77
2013-08-13,18.77
2013-08-14,16.9
2013-08-15,15.3
2013-08-16,14.04
2013-08-17,14.28
2013-08-18,16.52
2013-08-19,17.18
2013-08-20,17.47
2013-08-21,17.42
2013-08-22,17.08
2013-08-23,16.44
2013-08-24,17.3
2013-08-25,15.3
2013-08-26,12.38
2013-08-27,12.26
2013-08-28,14.08
2013-08-29,15.83
2013-08-30,17.52
2013-08-31,17.99
2013-09-01,17.39
2013-09-02,17.58
2013-09-03,17.6
2013-09-04,15.14
2013-09-05,13.9
2013-09-06,15.3
2013-09-07,15.0
2013-09-08,14.41
2013-09-09,15.55
2013-09-10,16.17
2013-09-11,14.72
2013-09-12,13.76
2013-09-13,13.86
2013-09-14,9.5
2013-09-15,12.58
2013-09-16,14.62
2013-09-17,13.24
2013-09-18,13.59
2013-09-19,12.4
2013-09-20,13.99
2013-09-21,16.58
2013-09-22,9.96
2013-09-23,12.63
2013-09-24,15.9
2013-09-25,15.11
2013-09-26,13.4
2013-09-27,11.03
2013-09-28,10.16
2013-09-29,10.57
2013-09-30,11.59
2013-10-01,12.88
2013-10-02,12.34
2013-10-03,13.08
2013-10-04,13.89
2013-10-05,13.91
2013-10-06,15.21
2013-10-07,8.58
2013-10-08,10.37
2013-10-09,10.91
2013-10-10,11.36
2013-10-11,10.97
2013-10-12,11.12
2013-10-13,11.54
2013-10-14,11.45
2013-10-15,11.27
2013-10-16,12.42
2013-10-17,13.16
2013-10-18,9.13
2013-10-19,9.24
2013-10-20,6.28
2013-10-21,6.43
2013-10-22,8.71
2013-10-23,5.92
2013-10-24,5.92
2013-10-25,3.91
2013-10-26,4.5
2013-10-27,7.15
2013-10-28,9.31
2013-10-29,9.33
2013-10-30,10.02
2013-10-31,12.35
2013-11-01,10.14
2013-11-02,6.4
2013-11-03,5.31
2013-11-04,5.69
2013-11-05,6.03
2013-11-06,9.87
2013-11-07,6.78
2013-11-08,3.85
2013-11-09,5.03
2013-11-10,6.56
2013-11-11,5.33
2013-11-12,4.02
2013-11-13,2.2
2013-11-14,3.33
2013-11-15,7.64
2013-11-16,9.93
2013-11-17,13.07
2013-11-18,8.42
2013-11-19,4.2
2013-11-20,5.39
2013-11-21,8.11
2013-11-22,10.91
2013-11-23,5.9
2013-11-24,2.04
2013-11-25,3.77
2013-11-26,7.14
2013-11-27,2.87
2013-11-28,2.46
2013-11-29,3.2
2013-11-30,4.27
2013-12-01,5.68
2013-12-02,7.58
2013-12-03,10.45
2013-12-04,12.64
2013-12-05,14.29
2013-12-06,12.95
2013-12-07,4.79
2013-12-08,7.71
2013-12-09,7.87
2013-12-10,4.43
2013-12-11,3.73
2013-12-12,2.91
2013-12-13,3.5
2013-12-14,7.69
2013-12-15,4.01
2013-12-16,3.88
2013-12-17,5.09
2013-12-18,3.87
2013-12-19,4.64
2013-12-20,8.11
2013-12-21,13.45
2013-12-22,11.92
2013-12-23,5.53
2013-12-24,2.74
2013-12-25,3.11
2013-12-26,4.04
2013-12-27,4.24
2013-12-28,5.39
2013-12-29,5.59
2013-12-30,5.41
2013-12-31,3.95
2014-01-01,5.11
2014-01-02,5.22
2014-01-03,1.88
2014-01-04,3.16
2014-01-05,5.64
2014-01-06,1.41
2014-01-07,1.04
2014-01-08,1.85
2014-01-09,3.91
2014-01-10,6.6
2014-01-11,8.58
2014-01-12,5.18
2014-01-13,6.54
2014-01-14,5.66
2014-01-15,3.58
2014-01-16,2.94
2014-01-17,3.67
2014-01-18,2.88
2014-01-19,4.29
2014-01-20,4.89
2014-01-21,3.79
2014-01-22,2.06
2014-01-23,2.39
2014-01-24,1.37
2014-01-25,2.91
2014-01-26,4.49
2014-01-27,4.52
2014-01-28,1.85
2014-01-29,1.3
2014-01-30,2.16
2014-01-31,3.49
2014-02-01,5.94
2014-02-02,9.81
2014-02-03,6.41
2014-02-04,8.26
2014-02-05,5.31
2014-02-06,2.92
2014-02-07,3.36
2014-02-08,4.7
2014-02-09,5.71
2014-02-10,5.3
2014-02-11,4.52
2014-02-12,4.01
2014-02-13,3.9
2014-02-14,5.23
2014-02-15,3.29
2014-02-16,5.14
2014-02-17,8.0
2014-02-18,9.63
2014-02-19,10.84
2014-02-20,12.21
2014-02-21,5.49
2014-02-22,5.15
2014-02-23,7.23
2014-02-24,6.45
2014-02-25,6.38
2014-02-26,4.05
2014-02-27,2.7
2014-02-28,3.84
2014-03-01,7.39
2014-03-02,8.92
2014-03-03,5.48
2014-03-04,4.1
2014-03-05,5.74
2014-03-06,5.67
2014-03-07,5.75
2014-03-08,6.83
2014-03-09,7.54
2014-03-10,8.4
2014-03-11,10.72
2014-03-12,8.01
2014-03-13,4.11
2014-03-14,5.51
2014-03-15,8.49
2014-03-16,11.37
2014-03-17,7.09
2014-03-18,6.66
2014-03-19,8.48
2014-03-20,6.19
2014-03-21,6.27
2014-03-22,8.88
2014-03-23,7.5
2014-03-24,5.49
2014-03-25,3.89
2014-03-26,3.42
2014-03-27,6.54
2014-03-28,10.15
2014-03-29,8.51
2014-03-30,5.41
2014-03-31,6.63
2014-04-01,8.81
2014-04-02,11.61
2014-04-03,12.16
2014-04-04,12.57
2014-04-05,7.1
2014-04-06,10.27
2014-04-07,12.05
2014-04-08,6.83
2014-04-09,6.84
2014-04-10,7.46
2014-04-11,9.08
2014-04-12,10.08
2014-04-13,11.02
2014-04-14,12.83
2014-04-15,5.19
2014-04-16,5.04
2014-04-17,7.71
2014-04-18,8.32
2014-04-19,8.54
2014-04-20,8.74
2014-04-21,10.07
2014-04-22,11.36
2014-04-23,9.38
2014-04-24,11.1
2014-04-25,11.82
2014-04-26,10.61
2014-04-27,14.4
2014-04-28,15.29
2014-04-29,15.88
2014-04-30,10.99
2014-05-01,7.32
2014-05-02,7.85
2014-05-03,8.22
2014-05-04,9.81
2014-05-05,11.54
2014-05-06,11.3
2014-05-07,12.37
2014-05-08,13.38
2014-05-09,14.68
2014-05-10,15.02
2014-05-11,15.0
2014-05-12,15.21
2014-05-13,15.11
2014-05-14,15.06
2014-05-15,7.56
2014-05-16,7.37
2014-05-17,10.13
2014-05-18,11.7
2014-05-19,11.97
2014-05-20,12.64
2014-05-21,13.63
2014-05-22,14.59
2014-05-23,14.15
2014-05-24,14.4
2014-05-25,14.48
2014-05-26,15.03
2014-05-27,15.68
2014-05-28,15.82
2014-05-29,14.95
2014-05-30,15.65
2014-05-31,16.22
2014-06-01,16.25
2014-06-02,14.1
2014-06-03,15.82
2014-06-04,16.69
2014-06-05,16.73
2014-06-06,17.39
2014-06-07,17.54
2014-06-08,18.04
2014-06-09,17.72
2014-06-10,17.67
2014-06-11,15.71
2014-06-12,14.39
2014-06-13,14.87
2014-06-14,15.19
2014-06-15,14.57
2014-06-16,15.65
2014-06-17,16.08
2014-06-18,16.87
2014-06-19,16.19
2014-06-20,17.54
2014-06-21,17.96
2014-06-22,17.32
2014-06-23,16.68
2014-06-24,17.11
2014-06-25,16.73
2014-06-26,16.71
2014-06-27,16.32
2014-06-28,16.34
2014-06-29,17.1
2014-06-30,17.75
2014-07-01,16.53
2014-07-02,17.82
2014-07-03,15.8
2014-07-04,12.83
2014-07-05,13.55
2014-07-06,15.05
2014-07-07,14.87
2014-07-08,15.65
2014-07-09,17.73
2014-07-10,17.24
2014-07-11,15.7
2014-07-12,16.59
2014-07-13,16.45
2014-07-14,17.74
2014-07-15,17.71
2014-07-16,11.58
2014-07-17,11.0
2014-07-18,14.22
2014-07-19,17.58
2014-07-20,16.0
2014-07-21,16.14
2014-07-22,16.96
2014-07-23,16.93
2014-07-24,16.68
2014-07-25,15.37
2014-07-26,14.52
2014-07-27,17.68
2014-07-28,16.4
2014-07-29,12.16
2014-07-30,10.01
2014-07-31,11.51
2014-08-01,13.84
2014-08-02,15.31
2014-08-03,15.47
2014-08-04,15.05
2014-08-05,14.28
2014-08-06,15.4
2014-08-07,15.6
2014-08-08,17.7
2014-08-09,18.5
2014-08-10,18.27
2014-08-11,18.47
2014-08-12,17.06
2014-08-13,12.41
2014-08-14,11.52
2014-08-15,11.88
2014-08-16,13.24
2014-08-17,17.47
2014-08-18,18.13
2014-08-19,18.55
2014-08-20,18.04
2014-08-21,17.67
2014-08-22,17.82
2014-08-23,17.01
2014-08-24,17.64
2014-08-25,15.04
2014-08-26,11.9
2014-08-27,10.36
2014-08-28,10.93
2014-08-29,13.2
2014-08-30,17.42
2014-08-31,16.72
2014-09-01,16.6
2014-09-02,16.56
2014-09-03,16.8
2014-09-04,16.36
2014-09-05,15.99
2014-09-06,16.08
2014-09-07,16.44
2014-09-08,15.97
2014-09-09,15.97
2014-09-10,16.11
2014-09-11,16.07
2014-09-12,17.61
